Context	gorGor3	hg38	nomLeu3	panPan1	panTro4	ponAbe2
AAA	89638932	103947705	88932518	94444810	97656741	90987062
AAT	59211846	67296683	58979648	62777438	64042488	60111695
AAG	47670518	54091211	47317515	50267031	51156267	48103859
AAC	34508577	39805406	34220920	36573354	37252945	34872761
ATA	48355504	55584283	47948409	51512765	52458027	48840959
ATT	59275287	67634538	58987575	62821136	64147142	60145260
ATG	43691879	49652143	43331022	46275537	47083032	44085293
ATC	31474240	36151302	31442639	33486799	34152281	31996136
AGA	52298928	60320260	52068488	55422383	56517683	53031951
AGT	38271257	43810550	38270854	40568767	41378572	38937847
AGG	41944875	48282991	41864694	44560216	45461346	42573716
AGC	33186199	38170119	33271701	35173088	35957160	33811336
ACA	47588442	54710139	47090349	50418139	51352440	47995569
ACT	38200912	43809754	38168592	40514487	41327049	38841326
ACG	5896734	6959458	6004740	6187090	6359874	5914897
ACC	27266450	31535045	27149914	29077555	29692667	27682811
TAA	49813412	56164493	49447468	52566894	53627523	50391372
TAT	48422728	55564089	48015943	51556017	52511229	48908788
TAG	30639207	35020305	30586541	32548582	33128356	31146348
TAC	26939608	30555065	26887654	28564010	29096654	27320431
TTA	49902733	56124221	49549701	52674621	53706886	50497322
TTT	90042860	104696904	89287159	94781622	98033420	91370987
TTG	44739174	51836491	44524113	47614203	48563818	45462892
TTC	47070088	53945944	46709273	49652294	50535641	47449196
TGA	46476232	53309557	46376803	49256171	50281778	47255145
TGT	47803822	54962474	47313370	50602962	51536740	48211011
TGG	43351412	50364481	43295100	46222127	47192979	44070449
TGC	34141896	39243795	34254459	36270219	37048900	34693269
TCA	46454764	53359014	46356197	49244960	50273421	47239789
TCT	52409773	60348705	52125803	55521878	56607911	53110978
TCG	5041891	6154429	5201502	5426910	5603971	5150592
TCC	36398618	41886553	36166532	38613390	39371951	36824046
GAA	46958832	53902813	46586580	49501996	50452183	47310080
GAT	31495780	36413990	31457277	33516975	34193985	32012581
GAG	39380901	46011110	39515334	42003267	42999997	40267552
GAC	22399590	25737646	22301465	23720461	24189387	22684279
GTA	26959139	30732778	26891082	28573198	29116404	27329772
GTT	34639550	39717669	34308552	36665515	37401017	34972437
GTG	35283214	41205216	35294329	37503700	38322569	35800122
GTC	22445642	25634788	22340071	23762367	24228954	22733658
GGA	36405452	42365150	36199562	38605799	39381478	36829378
GGT	27312837	31522721	27178372	29104189	29722268	27719812
GGG	30950797	35818945	30551712	32733287	33466765	31098299
GGC	27738214	32430311	27982981	29615008	30423730	28411268
GCA	34100388	39311355	34208672	36233002	37011501	34639248
GCT	33197864	38041834	33262409	35188453	35974479	33814043
GCG	5238948	6612255	5293890	5618809	5916822	5403891
GCC	27745766	32458538	27985698	29620423	30438100	28419082
CAA	44511542	51125984	44273638	47393900	48379627	45208225
CAT	43680615	49747508	43295412	46269168	47094374	44063774
CAG	48014361	55461251	48045571	50954334	52039162	48840726
CAC	35188199	40916284	35199459	37427604	38244264	35710871
CTA	30595244	34862667	30538525	32502649	33083063	31096953
CTT	47750599	54554459	47313754	50295937	51250686	48130246
CTG	48071242	55186463	48109228	50999084	52091095	48903943
CTC	39388645	46016741	39509535	42013879	43004317	40275852
CGA	5033298	6070565	5189774	5414376	5590458	5140015
CGT	5914291	6994703	6022850	6202819	6380871	5931916
CGG	6155027	7670713	6173114	6548558	6863553	6290796
CGC	5233598	6579762	5283386	5616082	5911013	5396777
CCA	43265627	49870518	43219566	46154453	47120094	44003131
CCT	41981921	48420034	41886133	44590479	45509142	42616459
CCG	6162051	7589603	6178755	6553458	6865482	6297689
CCC	30930143	35760759	30524414	32707065	33434862	31079733
