SUBS	Context	panTro4_VS_hg38.r_inner.18	panPan1_VS_panTro4.r_inner.17	panTro4_VS_panPan1.r_inner.17	hg38_VS_panTro4.r_inner.18	hg38_VS_gorGor3.r_inner.19	gorGor3_VS_hg38.r_inner.19	hg38_VS_ponAbe2.r_inner.20	ponAbe2_VS_hg38.r_inner.20	panPan1_VS_hg38.r_inner.18	hg38_VS_panPan1.r_inner.18
A>C	A.A	68679	19979	11965	62044	60557	80514	59495	18169	71862	62114
A>C	A.C	19024	5130	3618	17414	17009	22649	16400	6248	19246	17469
A>C	A.G	30290	9047	5807	29466	28772	34507	27968	7983	31112	29682
A>C	A.T	34948	10170	6388	34078	33159	41664	32328	9934	36031	34246
A>C	C.A	43011	10884	8120	38617	37594	45420	36630	11715	42563	38897
A>C	C.C	29812	7084	6043	26791	25941	30791	25187	9427	28561	27028
A>C	C.G	34584	9184	6938	32388	31393	35318	30585	9452	33858	32673
A>C	C.T	38928	9849	7594	39508	38579	41679	36982	10661	38326	39897
A>C	G.A	25714	6932	4739	25078	24439	28836	23900	7409	25829	25254
A>C	G.C	9753	2406	1774	8942	8679	11524	8399	3211	9690	9013
A>C	G.G	20489	5951	3815	20052	19280	22412	18969	6661	20961	20195
A>C	G.T	16864	4565	2949	16304	15863	19505	15384	5261	17191	16464
A>C	T.A	43115	11266	7319	37978	37103	48275	36259	11716	43819	38194
A>C	T.C	14682	3468	2624	13667	13279	16112	12877	4282	14574	13779
A>C	T.G	19618	5327	3627	17086	16598	20652	16205	5062	19723	17219
A>C	T.T	32032	8252	5977	27878	27283	34085	26149	9637	31934	28067
A>G	A.A	104986	31606	18714	104165	102122	138232	100497	32316	110868	104426
A>G	A.C	79250	21864	14165	83421	81440	109365	79883	23728	81436	84122
A>G	A.G	78827	21356	14500	77853	76142	98807	74829	25708	79935	78406
A>G	A.T	193761	55136	36521	200514	195220	271875	192096	58257	198950	201951
A>G	C.A	94873	24190	16392	85264	82670	125287	81323	38641	95255	85787
A>G	C.C	93192	23358	16540	85265	82647	122487	80886	42228	92941	86105
A>G	C.G	124166	29569	21732	117201	113604	158281	111841	56689	122081	118224
A>G	C.T	217456	54577	41120	214040	208918	308993	204275	91584	214719	216076
A>G	G.A	64848	18415	12457	61466	60413	78863	59223	20532	66159	61829
A>G	G.C	45969	12420	8689	46602	45439	60495	44539	14210	46273	47070
A>G	G.G	55158	13668	10538	51749	50168	63477	49598	19695	53702	52200
A>G	G.T	75590	20083	14418	74454	72381	99028	71336	24973	75560	75026
A>G	T.A	102720	27772	18427	98418	96205	136521	94468	34463	104724	98955
A>G	T.C	83383	21084	14129	80526	78162	113398	77061	28126	84564	81094
A>G	T.G	80233	19642	13870	75443	73386	105322	72511	31064	80174	76030
A>G	T.T	234816	61534	43603	227835	222441	323875	218172	81675	237431	229470
A>T	A.A	32388	10013	6152	26851	26295	35766	25633	9423	34082	26789
A>T	A.C	13828	4012	2795	14574	14215	15301	13724	3951	14126	14674
A>T	A.G	20341	6139	3864	18267	17805	22898	17292	5825	21393	18365
A>T	A.T	31738	8885	6610	28344	27556	31697	26798	8609	31480	28358
A>T	C.A	17450	4961	3484	16702	16171	22408	15783	4896	17665	16854
A>T	C.C	17807	4890	3382	17706	17059	21843	16507	6013	18022	17874
A>T	C.G	25081	7057	4775	23595	22757	31478	22215	7430	25722	23798
A>T	C.T	34528	9161	7067	37449	36506	41763	35105	9927	34393	37869
A>T	G.A	14486	4341	2852	14739	14399	16030	14021	3976	14986	14843
A>T	G.C	9871	2899	1976	11606	11213	10249	10910	2942	10197	11677
A>T	G.G	16794	4818	3202	15178	14657	18770	14352	5532	17324	15258
A>T	G.T	23991	6998	4647	27168	26287	25704	25600	6640	24554	27364
A>T	T.A	51233	14176	11436	29223	28993	42807	28182	14394	50279	29104
A>T	T.C	13851	3753	2653	13062	12700	16006	12311	3863	14028	13172
A>T	T.G	16643	4589	3203	14661	14166	19499	13901	4611	16893	14754
A>T	T.T	36038	8209	6953	31979	31328	37938	30159	11749	34164	32219
C>A	A.A	47532	11630	9498	45731	44418	53426	42354	17277	46444	46092
C>A	A.C	38965	11685	7810	45675	44029	42942	42476	12796	40617	45996
C>A	A.G	9942	2425	2381	12801	12283	12534	9989	4711	9670	12861
C>A	A.T	33529	9364	6986	31917	31016	36584	29921	9872	33791	32182
C>A	C.A	32623	9511	6484	31046	29901	40738	28858	11638	33626	31319
C>A	C.C	26045	7961	5014	26394	25777	34951	24677	9148	27775	26681
C>A	C.G	7984	2344	1770	9191	8741	10293	7503	4808	8304	9247
C>A	C.T	29482	8361	5692	28567	27534	40794	26701	10038	30507	28780
C>A	G.A	35897	9813	6838	39227	37815	45374	36691	14112	36418	39573
C>A	G.C	28569	8877	5557	32487	31114	36145	30467	9366	29963	32768
C>A	G.G	10188	2863	2384	13010	12243	13658	10477	5815	10318	13047
C>A	G.T	24716	7165	4941	25397	24465	30263	23807	8326	25333	25575
C>A	T.A	34742	10693	7203	33360	32282	40768	31342	11603	35848	33530
C>A	T.C	25659	8635	5051	28286	27229	32079	26623	7999	28048	28499
C>A	T.G	7039	1941	1664	8391	7948	8932	7043	3425	7119	8451
C>A	T.T	49980	15030	10398	49340	48013	60531	46593	14376	51362	49697
C>G	A.A	44678	11970	8616	42351	41069	52088	39385	14711	45147	42642
C>G	A.C	29012	7447	5415	28822	27780	34386	26924	8400	29166	29000
C>G	A.G	8703	1979	2056	9089	8771	9685	7165	3931	8341	9156
C>G	A.T	47559	13169	9190	45573	44005	58548	42851	13639	48104	45836
C>G	C.A	25459	7277	5288	25496	24462	33592	23665	7995	25710	25627
C>G	C.C	28118	8192	5420	29527	28896	38299	27678	9278	28773	29833
C>G	C.G	7944	1995	1806	9025	8532	8830	7285	3781	7650	9104
C>G	C.T	43276	11834	8745	41049	39739	66866	38729	14684	43138	41420
C>G	G.A	19782	5203	3658	20513	19740	24543	19186	6659	19803	20685
C>G	G.C	22096	5742	4153	23123	22171	26147	21639	7083	22142	23297
C>G	G.G	6227	1308	1863	6343	5950	6999	5094	3816	5462	6355
C>G	G.T	24407	6676	4906	25485	24451	31012	24040	8091	24576	25674
C>G	T.A	42703	11495	7836	40659	39371	53396	38313	12119	43229	40928
C>G	T.C	38863	10756	7166	36408	35235	49040	34480	11580	39755	36722
C>G	T.G	9862	2248	2068	10110	9567	11255	8438	4606	9636	10159
C>G	T.T	83611	23956	16167	72456	70409	108200	68729	25784	85844	73047
C>T	A.A	188718	54257	35153	177863	172548	219505	168735	64882	196514	179188
C>T	A.C	112401	31228	19694	102967	99136	133024	97242	40280	116352	103760
C>T	A.G	200084	57893	50066	179292	173949	228459	163792	82768	206930	181426
C>T	A.T	126171	33781	23088	122692	118432	152129	116574	42906	128215	123386
C>T	C.A	121130	35446	21247	119799	115277	146737	113708	46200	127126	120624
C>T	C.C	104239	30539	17647	100536	98280	127992	95773	44468	110453	101608
C>T	C.G	172913	50821	39234	160157	151708	198735	145972	81449	180797	161207
C>T	C.T	134333	36979	24666	131876	127313	164211	125219	52015	137696	132952
C>T	G.A	86304	25023	15503	89587	86061	106487	84868	30759	90173	90196
C>T	G.C	81624	23981	13751	83209	79703	100308	78606	28010	86256	83679
C>T	G.G	144779	40827	33636	131897	123510	163976	118668	68173	148595	132690
C>T	G.T	89043	25307	15723	90174	86906	110879	85616	30149	92461	90898
C>T	T.A	108031	29706	19806	102341	98621	132976	97179	37083	110302	102921
C>T	T.C	101540	28871	18243	93152	90274	126478	88786	36713	105615	94002
C>T	T.G	131916	36433	29889	122296	115705	150835	111694	54999	134036	123132
C>T	T.T	102939	25631	19732	98798	96028	129818	93973	40706	101551	99603
G>A	A.A	103015	26103	19919	99231	96237	130915	94377	41927	102134	100007
G>A	A.C	89765	25508	15883	90262	87005	109755	85920	30740	93274	90929
G>A	A.G	134466	37692	23828	131630	127476	163348	125161	52999	139024	132844
G>A	A.T	125515	33298	23374	122842	118775	150331	116961	42576	127033	123596
G>A	C.A	136709	37748	30371	121656	115010	156407	111305	57754	139285	122535
G>A	C.C	149155	42183	33396	131162	122611	168869	117973	71997	153537	131874
G>A	C.G	179751	53403	39785	159188	151046	206263	144764	86248	189015	160465
G>A	C.T	201392	58868	49954	179575	174503	233958	164228	83288	209621	181569
G>A	G.A	100742	29491	18063	92650	89875	125473	88218	36781	105865	93518
G>A	G.C	80550	24179	13532	82997	79443	99331	78404	27377	85864	83636
G>A	G.G	104376	31080	17674	100796	98376	128218	95750	44960	111262	101756
G>A	G.T	107509	29249	19406	103072	99166	129808	97323	39692	111361	103831
G>A	T.A	108079	29941	19671	101683	98070	133620	96727	37156	110791	102335
G>A	T.C	86457	25178	15363	89987	86351	105670	85377	30839	90582	90608
G>A	T.G	121878	36186	21243	120121	115258	146952	113804	46512	128420	120883
G>A	T.T	188245	53569	35416	178224	173137	220156	169248	65239	195477	179628
G>C	A.A	83161	24165	16122	72346	70350	106525	68630	25820	85412	72901
G>C	A.C	24489	6598	4731	25151	24116	30570	23575	8365	24581	25321
G>C	A.G	43005	11690	8408	41067	39690	66658	38495	14351	43100	41385
G>C	A.T	46843	13047	9053	45923	44312	57957	42938	13476	47663	46242
G>C	C.A	10045	2268	1953	10240	9677	11433	8670	4661	9861	10314
G>C	C.C	6536	1288	1859	6168	5800	7184	4983	4004	5672	6247
G>C	C.G	8083	2162	1948	8901	8500	9157	7294	3869	7985	9004
G>C	C.T	8755	2001	2032	9325	9078	9901	7364	4127	8267	9485
G>C	G.A	38136	10397	7078	36111	35031	48261	34103	11532	38973	36432
G>C	G.C	21686	5834	4275	23037	22110	25921	21503	7014	21951	23160
G>C	G.G	27624	8343	5529	29569	28890	37894	27751	8998	28584	29892
G>C	G.T	27444	7025	4982	28514	27504	33431	26608	8038	27759	28712
G>C	T.A	42968	11195	8089	40265	38883	52623	38016	12279	43159	40500
G>C	T.C	19640	5086	3823	20555	19801	24130	19189	6706	19469	20759
G>C	T.G	25624	7123	5272	26109	25108	33484	24319	8050	25625	26260
G>C	T.T	44010	11896	8586	42955	41788	51656	39970	14080	44707	43347
G>T	A.A	49812	15399	10362	49321	47810	60507	46673	14571	51646	49710
G>T	A.C	24956	7328	4923	25686	24713	30412	24219	8409	25723	25906
G>T	A.G	29537	8350	5621	28756	27829	40495	26938	9874	30522	29001
G>T	A.T	33214	9161	7028	32162	31104	36343	30067	9879	33285	32469
G>T	C.A	7203	2037	1644	8453	8017	9287	7032	3473	7305	8459
G>T	C.C	10560	3121	2478	12975	12182	14193	10497	6251	10809	13028
G>T	C.G	8357	2270	1827	9044	8564	10713	7301	4962	8470	9092
G>T	C.T	10016	2389	2411	12949	12477	12691	10084	4698	9696	13078
G>T	G.A	25696	9939	5017	27616	26685	31785	25965	8056	29453	27836
G>T	G.C	28614	9078	5530	33306	31970	35732	31188	9402	30291	33520
G>T	G.G	25988	8047	5062	26567	25877	34285	24891	9110	27603	26849
G>T	G.T	37407	11438	7822	45142	43687	41607	42038	11982	39040	45465
G>T	T.A	35001	11015	7324	33283	32281	41296	31368	11988	36608	33518
G>T	T.C	36255	10234	6879	39454	38014	45688	36856	14334	36952	39726
G>T	T.G	33123	9475	6543	31450	30380	40379	29275	11889	34025	31686
G>T	T.T	46605	11535	9514	46616	45245	53582	43476	17406	45424	47037
T>A	A.A	36922	8658	7318	32177	31425	39074	30254	12351	35300	32465
T>A	A.C	23779	6884	4718	26558	25781	25448	25034	6796	24334	26806
T>A	A.G	34609	9288	7065	37249	36303	41807	34827	10336	34426	37629
T>A	A.T	32128	8811	6635	28411	27785	32343	26950	8789	31558	28526
T>A	C.A	16886	4636	3259	14748	14178	19418	13832	4448	17008	14829
T>A	C.C	16959	4593	3119	15266	14732	19028	14445	5345	17201	15373
T>A	C.G	24939	7097	4759	23362	22532	31257	21933	7392	25484	23555
T>A	C.T	20734	6127	3886	18022	17646	23042	17141	5743	21571	18158
T>A	G.A	13849	3725	2571	12889	12489	15920	12133	3877	14226	13002
T>A	G.C	9907	2921	1976	11435	11115	10452	10703	2878	10174	11532
T>A	G.G	17888	4935	3467	17663	17074	21783	16598	6035	18350	17812
T>A	G.T	13817	4098	2766	14414	13989	15486	13497	4122	14302	14501
T>A	T.A	53591	15358	11696	29473	29219	43883	28488	14670	53458	29341
T>A	T.C	14259	4536	2791	14677	14349	15765	13902	3985	15029	14824
T>A	T.G	17335	5249	3513	16627	16091	21862	15670	4995	17933	16742
T>A	T.T	31216	9586	6152	26930	26300	34695	25782	9216	32759	26934
T>C	A.A	233513	60897	43524	225916	220716	317969	216424	80376	235827	227715
T>C	A.C	74814	19826	14061	74196	72122	97540	71077	24773	74965	74790
T>C	A.G	214306	53894	40348	213231	208331	301644	203641	91551	211693	215233
T>C	A.T	193567	54519	36620	199854	194678	269547	191108	57487	197852	201278
T>C	C.A	80216	19700	14100	75734	73686	103692	72561	29681	80105	76385
T>C	C.C	54159	13804	10453	51949	50484	63534	49648	19448	53107	52383
T>C	C.G	122165	29176	21236	117189	113366	156640	111547	55690	120252	118277
T>C	C.T	78669	21187	14306	77608	75860	98830	74500	25790	79623	78326
T>C	G.A	82469	20794	13840	80384	78102	113463	76882	27234	83783	81084
T>C	G.C	45697	12377	8478	46093	44929	60648	43999	14612	46280	46481
T>C	G.G	92376	22926	16665	85243	82691	121033	80919	41487	91829	86070
T>C	G.T	79960	22337	14121	83441	81476	110276	79776	23968	82309	84127
T>C	T.A	101764	27325	18345	96848	94579	135208	92815	33651	103366	97394
T>C	T.C	66376	18779	12822	62138	61045	79285	59835	20676	67533	62563
T>C	T.G	94051	24085	16466	85155	82668	123872	81373	38048	94556	85799
T>C	T.T	105410	32165	18947	104495	102446	138937	100679	32190	111225	104720
T>G	A.A	32351	8277	5943	27618	27008	33872	26034	9707	32102	27878
T>G	A.C	17147	4589	2952	16241	15711	19191	15333	5144	17499	16330
T>G	A.G	38882	9534	7326	39044	37995	40596	36516	10773	38157	39404
T>G	A.T	35511	10316	6313	34175	33279	41702	32480	10112	36636	34380
T>G	C.A	19718	5140	3674	16983	16509	20821	16128	5203	19518	17122
T>G	C.C	20438	5881	3706	19931	19194	22439	18853	6872	20828	20060
T>G	C.G	34356	9252	6987	32273	31271	35427	30513	9547	33716	32511
T>G	C.T	30331	9253	5745	29868	29114	34986	28347	8043	31263	30092
T>G	G.A	14762	3448	2535	13763	13330	16446	13044	4375	14560	13882
T>G	G.C	9696	2343	1680	9203	8946	11616	8715	3155	9681	9289
T>G	G.G	29464	7045	5902	26731	25854	30947	25108	9300	28355	27008
T>G	G.T	18539	4895	3398	17413	17060	21943	16512	5882	18756	17469
T>G	T.A	43566	11287	7309	37941	37148	48506	36250	11712	44185	38181
T>G	T.C	25474	6903	4637	25318	24753	29073	24239	7413	25883	25518
T>G	T.G	43541	10836	8255	39328	38351	45635	37386	12101	42846	39653
T>G	T.T	69602	20619	12093	62462	61105	80566	60070	18651	73188	62550
