panPan1_VS_hg38.r_ponA	SUBS	Context	hg38_VS_panPan1.r_ponA	gorGor3_VS_hg38.r_ponA	hg38_VS_gorGor3.r_ponA	ponAbe2_VS_hg38.r_nomL	hg38_VS_ponAbe2.r_nomL	panTro4_VS_hg38.r_ponA	hg38_VS_panTro4.r_ponA	nomLeu3_VS_hg38.r_ponA	hg38_VS_nomLeu3.r_ponA	panTro4_VS_panPan1.r_ponA	panPan1_VS_panTro4.r_ponA	panTro4_VS_gorGor3.r_ponA	gorGor3_VS_panTro4.r_ponA	gorGor3_VS_panPan1.r_ponA	panPan1_VS_gorGor3.r_ponA	gorGor3_VS_ponAbe2.r_nomL	ponAbe2_VS_gorGor3.r_nomL	nomLeu3_VS_ponAbe2.r_rheM	ponAbe2_VS_nomLeu3.r_rheM	nomLeu3_VS_ponAbe2.r_papA	ponAbe2_VS_nomLeu3.r_papA	nomLeu3_VS_ponAbe2.r_nasL	ponAbe2_VS_nomLeu3.r_nasL	panTro4_VS_ponAbe2.r_nomL	ponAbe2_VS_panTro4.r_nomL	panPan1_VS_ponAbe2.r_nomL	ponAbe2_VS_panPan1.r_nomL	hg38_VS_gorGor3.r_nomL	gorGor3_VS_hg38.r_nomL	panTro4_VS_gorGor3.r_nomL	gorGor3_VS_panTro4.r_nomL	panPan1_VS_gorGor3.r_nomL	gorGor3_VS_panPan1.r_nomL	panTro4_VS_panPan1.r_nomL	panPan1_VS_panTro4.r_nomL	panTro4_VS_hg38.r_nomL	hg38_VS_panTro4.r_nomL	panPan1_VS_hg38.r_nomL	hg38_VS_panPan1.r_nomL
128424	A>C	A.A	85939	123844	105338	212240	212746	101081	90734	317675	212746	31399	62160	108887	119259	115573	129331	206679	190302	238304	195437	248750	204576	212590	174512	213247	205437	230715	198122	103331	120345	106513	115937	125919	112853	30756	59275	98237	88660	123718	84248
27351	A>C	A.C	23443	33753	28592	60831	56957	28380	24662	93866	56957	10492	10699	30622	32534	31795	29839	55656	54845	63848	55099	66066	57337	57154	49448	58105	58791	56340	57333	28130	32802	29921	31492	29120	30902	10217	10192	27633	24042	26508	22922
37374	A>C	A.G	33494	42538	39917	73211	73823	36747	34460	105665	73823	12109	13689	40650	41327	40968	41399	70082	67439	87153	70655	89115	72436	78430	63867	73565	71389	73612	70211	39229	41711	39848	40470	40717	40167	11839	13371	35935	33797	36588	32866
45027	A>C	A.T	39784	52709	47863	100787	99065	43668	41152	144602	99065	14068	16744	48838	51378	50569	50164	94378	92158	109315	95624	113331	99819	99381	87263	98688	98462	98778	96306	47506	51682	47969	50325	49469	49669	13829	16355	42703	40373	44235	39452
54939	A>C	C.A	47259	62930	57546	123211	118969	58766	49171	182671	118969	20863	19055	64308	60833	59648	61403	112069	111591	139499	116330	144161	120762	125019	104441	124068	119581	118909	116572	56611	61028	63128	59069	60259	57958	20350	18448	57305	48040	53501	46203
36328	A>C	C.C	33558	44721	40678	90018	82542	44931	34883	124650	82542	17671	11113	47668	42894	42077	40925	77265	80493	93689	83838	96686	86866	82723	73828	88294	86739	80222	84800	40094	43585	46761	41914	40129	41065	17217	10708	43961	34118	35443	32912
39280	A>C	C.G	36867	44633	43975	79741	81508	43715	37814	107425	81508	15456	12514	47461	43240	42808	44279	74065	72589	88968	75739	91307	77757	79106	67233	83524	77491	79378	75991	43330	43524	46306	42181	43314	41763	14975	12232	42458	37093	38248	36180
45202	A>C	C.T	45086	52655	54330	104286	107550	50113	46405	154035	107550	17424	14001	56083	51089	50414	52483	96517	95519	119524	100341	122983	103674	108464	90828	107813	101479	102580	99583	53669	51474	54987	49981	51517	49410	16979	13568	48768	45646	43993	44371
31029	A>C	G.A	29624	37743	35668	75052	74411	32368	30621	122161	74411	10386	9969	36248	36648	36097	35470	69807	68619	90669	72717	93571	75245	82043	65804	74103	73048	72314	71435	35212	36822	35621	35740	34843	35323	10206	9609	31707	30006	30349	29218
12003	A>C	G.C	10966	16404	13447	30153	29041	13451	11395	55332	29041	4633	3726	14715	15828	15529	13709	28930	27256	35109	27624	36124	28627	31152	24567	29964	29204	28425	28455	13241	16028	14422	15503	13444	15229	4571	3650	13054	11170	11668	10749
24729	A>C	G.G	23383	29049	27741	57065	54521	25501	24074	80038	54521	8206	8273	27986	28061	27662	27665	49860	51457	64350	54001	66102	55722	56686	47675	53730	55368	52525	54189	27391	28392	27552	27351	27259	27048	8052	8073	24988	23484	24232	22862
20495	A>C	G.T	18881	25997	22996	50547	49521	20992	19435	78891	49521	6555	6652	23700	25207	24781	23461	47595	46127	57156	47837	58982	49433	51210	43148	49415	49260	48498	48185	22722	25331	23282	24585	22943	24237	6458	6402	20502	19079	19913	18601
52672	A>C	T.A	45102	61695	55680	117969	118353	54762	46516	176191	118353	16772	16132	61182	59362	58675	59977	113714	108069	136252	114411	140325	118755	123768	103798	122852	115160	119790	112776	54724	60424	60130	58192	59054	57562	16569	15830	53613	45654	51661	44409
17913	A>C	T.C	16400	22110	20084	44293	43155	20374	17054	74515	43155	7057	5316	22364	21379	21014	20535	40894	40208	52504	41576	54159	43107	47200	37400	44808	43071	42152	42190	19781	21547	21986	20808	20202	20488	6960	5155	19948	16638	17457	16044
22596	A>C	T.G	19354	25391	23038	44207	45464	23773	19912	69341	45464	7783	7193	25873	24670	24385	25118	43297	40603	56873	42557	58306	43807	51549	38693	47396	43097	46064	42367	22756	24737	25619	24059	24844	23806	7669	7103	23361	19603	22177	19033
39305	A>C	T.T	34056	45300	41450	89609	86243	41329	35248	151017	86243	13610	12760	45818	43780	43135	44381	81327	81533	105376	82292	110161	86269	97076	75667	88985	87088	86201	85218	40961	44410	44889	42773	43531	42327	13478	12428	40798	34557	38702	33615
182912	A>G	A.A	144486	208284	173222	354732	339834	147957	146988	520917	339834	51562	86824	166730	201590	197463	193014	336156	320480	383318	331152	400309	347090	342891	297303	327364	343667	346663	333438	171219	203402	163764	196960	189242	193941	51292	84275	144371	144549	178165	143117
97971	A>G	A.C	99651	139154	119298	237087	245317	99336	102131	368111	245317	30037	31224	113424	135534	134272	113268	242489	217748	279834	236369	288597	244432	253071	214534	236031	231521	232645	227376	117332	135922	111222	132606	110737	131515	29516	30308	97001	100148	95201	97715
104127	A>G	A.G	97306	133826	116074	246454	235721	103128	99844	384378	235721	33973	37596	115045	129767	127774	116329	230350	225158	277490	240930	287825	250221	250281	217681	231485	239256	229028	233955	115174	131039	113933	127211	114948	125482	33849	36809	101543	98312	102288	96117
239659	A>G	A.T	236206	330049	279781	541088	547119	236658	242195	778898	547119	72369	80961	268474	322584	319747	272902	546713	497590	618401	526814	638539	545071	563578	480050	528851	529804	527073	520420	274295	321708	262563	314936	266786	312501	70593	78281	230328	236504	233029	231040
131332	A>G	C.A	123371	172131	145799	282204	287856	134674	126469	415267	287856	43858	43528	150486	168375	166759	148779	285075	258307	339610	284250	350917	294537	306158	255605	287522	275891	282015	271087	146250	170912	150677	167392	148961	166150	43541	43029	133827	126253	130709	123422
138979	A>G	C.C	137273	184283	160917	299259	309377	144801	140193	415656	309377	48629	46198	160819	179684	178310	157390	298275	269885	335125	300420	348161	312506	296886	266160	304398	290998	295754	284988	162066	183151	161527	178890	158259	177778	48655	46139	145114	141324	139335	138145
177005	A>G	C.G	179207	230234	208889	393068	401133	185833	182934	539949	401133	61665	56667	206383	224416	223324	200542	380200	357548	444883	397488	459382	411388	394590	352176	391255	382628	379172	375978	210446	228952	207693	223522	201948	222957	62242	56307	186095	183558	177236	180543
298887	A>G	C.T	307607	411085	356974	663890	639076	310832	313292	844964	639076	105739	99096	349214	404591	403038	341916	637255	613831	717742	656512	737727	675691	653936	597883	621842	650384	606715	640698	357137	409067	349220	402892	342174	401749	105412	98479	309133	312433	297471	307210
88417	A>G	G.A	79337	109977	94846	199234	191267	87148	82098	309742	191267	29613	33450	96246	106349	104086	97427	186973	181912	223835	193141	232647	201275	202499	175449	189173	193024	187150	188031	94514	107754	95196	104280	96076	102390	29486	32550	85635	81101	86680	78908
56684	A>G	G.C	57001	81803	66769	135493	138091	59271	58847	231793	138091	18799	18201	65238	79262	78261	63814	138222	123388	166096	136834	171969	141769	148761	122737	134240	131741	130654	129045	66183	79678	64146	77415	62803	76509	18406	17663	57766	57851	55216	56061
69610	A>G	G.G	67122	92229	79165	179358	169810	75302	69300	297237	169810	25507	22740	81842	89196	87436	77667	163844	162265	216684	175969	224520	183155	191688	156251	169698	173824	162550	169883	78757	90294	80905	87385	76615	85888	25299	21988	73915	68447	68182	66658
90996	A>G	G.T	89892	124968	106552	225763	221301	94535	92407	337779	221301	30178	29218	105797	121824	120687	103812	218387	206628	255448	222933	264387	231221	230694	201791	217245	220160	212396	216020	105188	122528	104273	119676	102365	118680	29555	28624	92451	90710	89112	88372
126047	A>G	T.A	119206	177354	144050	327096	313708	129002	122526	479815	313708	39066	39496	146379	172805	170661	145287	317133	300547	363215	325378	376780	337974	330613	296270	312449	319827	306733	313306	142491	173233	144323	169329	143377	167258	38340	38675	126387	120856	123541	117630
104488	A>G	T.C	99760	155006	121896	283138	282895	106870	102696	432272	282895	30954	31537	122826	150972	148855	121961	286919	258779	327942	290819	341254	303378	295653	263398	279685	276474	274675	271208	121108	151805	121832	148019	121085	146395	30670	30925	105259	101204	102954	98751
100721	A>G	T.G	95699	148983	116196	291138	277486	104870	98420	464097	277486	31475	30296	119679	145079	142987	117115	282050	265433	341905	297131	354712	309538	307570	267552	276900	283949	270121	278576	115656	146280	118747	142616	116017	140732	31099	29482	102937	97128	98822	94723
291121	A>G	T.T	284329	409703	340487	764274	722926	297327	290510	1059996	722926	91654	91556	337944	400040	396638	335683	724062	701535	817245	741247	852856	775295	754000	685596	711675	746754	699425	734442	337158	402270	333174	392690	330996	390205	90912	90149	292267	287117	286942	281788
59264	A>T	A.A	40473	60743	49174	113043	101633	50692	43064	165241	101633	17291	28062	53550	58779	56526	60383	99562	100395	114688	101461	121582	107601	102353	90779	103882	109144	108476	104665	48431	58747	52323	56807	58630	54858	16972	26940	49215	42162	57145	39902
17545	A>T	A.C	17546	22308	20418	41357	40601	18726	18175	62114	40601	6872	6350	20316	21644	21236	19488	37969	37347	42761	38787	44550	40430	37963	34783	39780	40172	38313	39263	20096	21604	19885	21003	19087	20645	6735	6122	18297	17795	17116	17184
26204	A>T	A.G	22419	31950	27189	67432	61166	26894	23490	113064	61166	9005	9359	29435	31050	30370	29296	59747	61238	79349	65057	82444	67513	71522	58724	62569	65508	61370	63873	26859	31181	28933	30256	28868	29693	8777	9075	26192	23069	25643	22202
46999	A>T	A.T	37516	48063	44162	94190	87727	45022	39626	131751	87727	16941	20949	47637	46631	45187	49251	81183	84729	94749	86903	99213	91198	85336	78536	89375	91284	89101	88337	43626	46591	46582	45208	47984	43976	16754	20228	43810	38849	45663	37247
25516	A>T	C.A	19622	29896	23460	53155	50444	22882	20253	70194	50444	8203	11380	25132	29082	28456	27146	51283	48198	51811	51267	53914	53440	46382	46230	51353	51685	52827	50556	23190	28957	24861	28221	26680	27665	8058	10957	22423	19816	24803	19266
22832	A>T	C.C	21752	32381	25889	59027	55199	24846	22575	78452	55199	8915	7806	26891	31040	30427	25456	54893	52690	56503	56487	58882	58856	49656	50205	54808	56795	52447	55450	25654	31596	26367	30214	24980	29652	8787	7612	24313	22225	22260	21422
30572	A>T	C.G	27757	42122	33506	80745	75277	32518	28956	111920	75277	10745	10131	35780	40804	40070	34630	75514	72887	82808	79242	85648	82007	72975	70138	76155	78371	73713	76518	32999	40993	35077	39731	33971	39019	10370	9801	31653	28339	29746	27153
40974	A>T	C.T	43160	53356	50964	105653	104262	45282	44435	129540	104262	16005	13187	50213	51922	51186	46888	96690	96318	100577	102904	103989	106584	91084	93570	101492	102879	96840	100543	50248	51884	49418	50679	46183	49997	15728	12832	44347	43550	39952	42302
22123	A>T	G.A	17195	21079	20257	41514	41371	18322	17816	60076	41371	6255	10494	20239	20487	20110	23470	38338	37823	44408	40509	45988	41966	40118	36836	40621	40427	43317	39439	20144	20619	19940	20072	22953	19749	6154	10009	18001	17574	21538	17071
12346	A>T	G.C	13427	14098	15457	29314	29992	13039	13986	41383	29992	4488	4296	14155	13715	13505	13792	25629	26392	30225	27754	31488	28866	27077	24869	28145	28428	27303	27735	15243	13742	13960	13380	13536	13179	4375	4142	12697	13628	12060	13121
22002	A>T	G.G	18961	28474	22661	56462	51905	22467	19739	89742	51905	7617	7923	24282	27458	26718	23989	51246	50373	65213	53998	67899	56367	57131	47499	52453	54525	51615	53021	22270	27535	23853	26539	23641	25880	7420	7713	21940	19247	21458	18543
29564	A>T	G.T	30830	33928	36153	65690	69165	29887	31799	82061	69165	9765	10311	33369	33093	32598	33446	60810	59794	62925	62696	65124	65061	56509	56391	65497	64022	64526	62689	35532	33235	32796	32417	32774	32002	9609	9907	29283	31063	28759	30225
78929	A>T	T.A	50985	70379	59852	124657	115158	76712	53718	166308	115158	30944	36498	79548	69406	66967	81290	112783	112336	120502	112824	126348	118100	108710	101743	130823	120737	130500	116244	58349	68104	77250	67003	78797	64919	30034	35190	74370	51925	76311	49641
16778	A>T	T.C	15231	21584	18583	41679	40149	18422	15757	62939	40149	6582	5516	20476	21037	20731	19231	39052	37860	46223	40440	48038	42151	41666	36502	41350	40628	39504	39676	18350	21010	20163	20487	18854	20161	6497	5331	18130	15537	16361	15058
20364	A>T	T.G	17639	27090	21158	50571	48139	21643	18271	76907	48139	7497	6903	23767	26402	25898	22866	48782	45992	56058	48927	58468	51006	50354	44093	49853	49244	48200	48067	20895	26342	23357	25695	22494	25252	7328	6656	21157	17828	19900	17366
49085	A>T	T.T	44852	62290	52752	118346	109947	56212	46417	171146	109947	20068	15990	60057	60295	58771	54007	106682	106014	118071	106158	124794	112494	107447	97326	115653	114704	107206	111356	51998	60646	58761	58753	52740	57414	19840	15477	54700	45440	47727	44390
57824	C>A	A.A	59546	76014	69412	153932	141764	64217	60935	212171	141764	22844	18888	71085	74313	73420	66002	132805	138965	143763	139675	150060	145689	128641	125655	140756	149378	132904	146116	68185	73674	69439	72063	64391	71428	22372	18200	62525	59505	56038	58461
50950	C>A	A.C	54318	57136	62362	115368	116282	49898	55828	141390	116282	16796	19501	55231	55683	54935	56824	100096	103918	110267	108339	114309	112405	97321	95759	107697	111826	107346	109174	60805	55558	54076	54104	55419	53426	16383	18776	48763	54214	49437	52749
11908	C>A	A.G	13713	17417	15939	32901	31153	13234	14268	46681	31153	4473	3715	14589	16807	16426	13650	28961	29375	27169	27476	28214	28487	23182	23770	29345	31654	27953	30930	15218	16455	13823	15871	12876	15549	4284	3477	12633	13568	11326	13078
39387	C>A	A.T	36937	46515	44349	98122	91430	43114	38241	133294	91430	15139	12878	47501	45277	44664	45003	84710	89226	99525	93173	102897	96716	89017	83654	93055	95393	89095	93338	43549	45374	46413	44224	44082	43680	14767	12603	41985	37467	38397	36187
42454	C>A	C.A	38219	54266	44988	109834	96212	42826	39319	138445	96212	14782	15692	47282	53088	52475	47425	94524	99097	101160	102889	105208	106900	89482	90939	96706	106844	95099	104381	44266	52697	46382	51681	46431	51097	14509	15157	41844	38570	41267	37449
35564	C>A	C.C	33579	49074	40249	92930	83372	35492	35008	117609	83372	11386	12973	39342	47463	46722	40068	83242	83824	86382	86547	89355	89408	75290	75788	80831	89564	80298	87616	39581	47639	38286	46074	38952	45338	11052	12481	34385	34302	34322	32866
11234	C>A	C.G	11602	16892	13533	32837	30015	11917	12245	52132	30015	3883	3969	12707	16328	15849	12415	28765	28417	29194	27031	30873	28841	24166	22578	28636	31307	27579	30239	12805	15769	12062	15308	11818	14826	3614	3732	11196	11481	10590	10824
36203	C>A	C.T	33858	52498	40617	104438	89480	38870	35214	139194	89480	13067	12013	43086	51257	50448	41511	91160	94354	104284	99429	107926	102851	92190	88037	90164	101192	87138	99044	40087	51204	42432	50006	40899	49192	12802	11768	37980	34581	35305	33081
42588	C>A	G.A	44624	55677	51819	117377	102324	44578	46087	134465	102324	14190	13834	49207	54471	53728	48171	96192	106569	104459	109896	107856	113547	92790	98141	98037	114231	95309	111962	50984	54531	48342	53442	47079	52764	14023	13355	43685	45213	41400	43780
36418	C>A	G.C	37519	46327	43776	88900	87437	36081	38830	102249	87437	11595	13278	40065	45121	44382	40919	80328	80187	81903	84131	84691	86930	71114	73272	82096	86270	81527	84360	43040	45267	39320	43988	40182	43339	11333	12895	35307	37977	35506	36641
13475	C>A	G.G	15062	20779	17287	38480	35190	14077	15782	53897	35190	4469	4562	15135	19794	19305	14826	33226	33373	32613	31169	34648	33161	27124	26147	32426	37068	31395	35781	16479	19524	14332	18740	14081	18263	4244	4261	13278	15047	12613	14413
29555	C>A	G.T	29222	39335	34525	78452	70428	31761	30302	99227	70428	10834	9864	35014	38402	37879	33651	67977	70918	77477	74505	79962	77109	68284	65869	69780	76219	67417	74642	34006	38228	34563	37397	33213	36906	10611	9591	31095	29641	28925	28588
44618	C>A	T.A	38486	50987	45363	108313	94387	43453	39885	141666	94387	14927	17568	47332	49845	49118	48264	90702	98570	105137	103121	109099	107275	94990	93404	94962	105598	94776	103300	44465	49733	46446	48708	47379	48035	14572	16959	42412	38920	43466	37690
45298	C>A	T.C	32461	40693	37527	78056	74952	32385	33450	98623	74952	10718	24129	35710	39636	39118	45333	70486	70730	77270	74865	79970	77288	68796	66595	71759	75725	81781	74367	36924	39734	34944	38621	44310	38155	10442	23236	31585	32688	43865	31743
8895	C>A	T.G	9409	12471	10676	24339	22444	9404	9760	36193	22444	3220	3057	10136	12028	11861	9785	21170	21369	21707	20417	22771	21439	18565	17619	21371	23585	20696	22945	10344	11924	9719	11549	9465	11370	3043	2929	8903	9379	8488	9006
59831	C>A	T.T	57764	74218	67451	142398	131769	62574	59636	183666	131769	21822	21039	68730	72760	71931	67240	126089	129594	142630	135327	148332	140747	128715	122840	130899	138425	127700	135716	66190	72579	67353	71188	65793	70461	21298	20317	60999	58272	58266	56498
54145	C>G	A.A	51280	66682	61666	123529	124714	56633	53063	183814	124714	18006	17664	63189	64983	64218	62026	117020	112255	125785	114086	130156	118098	112539	102165	124054	120079	120727	117386	60674	65085	62161	63501	60959	62817	17601	17152	55351	52134	52797	50317
34874	C>G	A.C	33564	45048	40200	79829	81489	36714	34900	116392	81489	11195	10838	40489	43508	42889	39579	77497	72187	88558	75265	91498	77943	78006	66042	80668	77424	78172	75687	39416	43704	39683	42200	38728	41619	10860	10424	35693	33928	33798	32591
10668	C>G	A.G	10367	14206	12432	26075	26462	12236	10916	48290	26462	4144	3291	13113	13717	13389	12053	24833	23208	25925	21443	26791	22359	21783	18168	26438	25092	24892	24350	11910	13456	12404	12959	11349	12714	3872	3054	11479	10407	9965	9861
55269	C>G	A.T	51985	70951	62235	128133	127734	58366	53754	176355	127734	18875	17804	64993	69272	68467	63404	123937	116492	134007	122211	138067	126006	120579	109940	128278	124605	124566	121899	61033	69144	63631	67622	62092	66936	18402	17317	56994	52643	53997	50904
30589	C>G	C.A	29369	41424	34300	65787	64985	31785	30196	84254	64985	10532	10297	34519	40279	39853	33954	64624	59393	67178	61326	69148	63236	59042	54193	64211	63885	62519	62583	33708	40346	33804	39278	33286	38849	10172	9958	30939	29479	29720	28680
35480	C>G	C.C	36147	49458	42727	82202	77526	36343	37150	101992	77526	11629	11911	40352	47901	47542	40083	76090	74997	83828	75995	85923	77965	73841	66706	73774	79304	72264	78178	41918	48261	39632	46792	39202	46433	11360	11423	35521	36311	34468	35280
10505	C>G	C.G	11003	13653	12635	25244	24949	11762	11569	37263	24949	4021	3459	12282	12958	12609	11446	22291	21794	23718	20359	25183	21641	19801	16916	24114	24015	22773	23208	12012	12950	11691	12268	10880	11973	3803	3233	11145	10888	9900	10344
50396	C>G	C.T	47019	79898	56227	129477	105947	53869	48285	145354	105947	18306	16500	59606	77829	77030	57205	116715	118262	121748	121133	124621	123891	107681	107538	107331	125685	103323	123716	55164	78276	58614	76263	56133	75562	18053	16055	52865	47173	49343	45959
23302	C>G	G.A	23831	31141	28307	59870	60815	25601	24783	88198	60815	8495	7347	28276	30320	29799	26743	57291	54084	61789	56700	63609	58658	54704	50369	59701	58117	57103	56679	27903	30292	27908	29454	26401	29011	8335	7148	25152	24304	22876	23418
27162	C>G	G.C	27312	36442	32457	66057	66524	29544	28268	92594	66524	10074	8752	32543	35357	34621	30881	63444	59548	69588	62258	71839	64242	60292	53971	65511	64004	63006	62571	31684	35393	31844	34461	30235	33793	9870	8547	28833	27619	26554	26721
7672	C>G	G.G	8095	11925	9181	21415	19960	10493	8599	38134	19960	4549	2463	10157	11389	11047	8184	19328	18104	19555	16928	20956	17995	16097	13896	20651	20527	18019	19728	8791	11333	9768	10814	7892	10499	4349	2329	9986	7984	7279	7640
29299	C>G	G.T	29659	41089	34735	76701	72805	33798	30681	101716	72805	12661	9585	36309	40056	39185	32990	70532	68835	75392	71955	78109	74499	65755	63098	72968	74408	68366	72788	34272	40058	35718	39127	32386	38403	12476	9341	32898	30052	28466	29093
50206	C>G	T.A	46463	66070	55733	119574	117361	52538	48193	169083	117361	16061	15695	58176	64339	63372	56971	115386	108176	128765	115061	132915	119037	115013	102588	117907	116285	114671	113346	54941	64304	57093	62744	55899	62002	15747	15228	51249	47290	48900	45719
46837	C>G	T.C	42626	62051	51808	117252	110369	48639	44244	160609	110369	15131	14843	54328	60219	59504	53660	109308	106337	128196	112787	131932	115871	113367	99560	110914	113643	108659	111241	50975	60656	53301	58855	52614	58242	14772	14393	47524	43144	45656	41814
12486	C>G	T.G	12131	17550	14380	34625	33064	14091	12713	59466	33064	4596	3793	14913	16949	16434	13770	31214	29740	35356	28557	37336	30048	29588	23770	33079	33247	31141	32138	13731	16593	14306	15967	13210	15575	4458	3571	13518	11866	11931	11434
100983	C>G	T.T	86383	133878	104581	247128	224171	105455	89259	315903	224171	34417	33322	116405	130368	128847	114187	229570	224618	252419	235523	260121	242797	226374	210966	231908	240165	226169	235606	103056	131000	114104	127684	111850	126294	33658	32342	102941	87581	98256	84848
237619	C>T	A.A	219964	280154	262799	607515	551755	237453	224979	816492	551755	73178	78749	267354	272971	270691	270128	519740	556607	617124	587351	639434	608381	558805	532653	547948	591573	543591	581719	260075	275865	264169	269052	266868	267022	72190	77321	233482	221305	233430	216886
135712	C>T	A.C	121565	168073	143913	370970	310063	137957	125347	456065	310063	41113	43015	151455	163568	161765	151634	302188	336616	359371	350307	371463	361750	317183	309518	312705	360328	308093	353650	141359	164285	148875	160268	149124	158497	40229	42091	134860	122652	132801	119133
262684	C>T	A.G	240843	321419	278572	594956	553933	265465	248134	753804	553933	84778	90506	285360	311848	308471	287325	531273	532745	512711	504963	531333	523206	441174	435939	550281	576128	543309	564766	266703	305227	273216	296637	275088	293440	80953	86250	252563	236576	249774	230022
154619	C>T	A.T	148534	195984	177628	425353	378129	161347	152850	565213	378129	50659	48859	180899	191191	188956	177469	361761	389124	427957	418225	441662	432208	383643	376895	376250	414399	367017	406809	177725	194022	180352	189202	177070	187348	50178	48201	159500	151541	153000	147703
154130	C>T	C.A	140625	185562	165144	431591	364308	149665	144439	537529	364308	44978	53305	165620	181008	179162	171115	348146	391967	431667	415643	445567	429250	380309	366528	358654	419666	359518	412508	162317	181123	162804	176978	168267	175309	44066	51953	146174	141142	150542	137744
139095	C>T	C.C	124432	170893	146825	406666	315805	135012	128180	491342	315805	40971	48250	148207	165601	163698	152693	307611	369938	394074	383007	405705	394292	345521	337228	310951	393535	311256	386749	144294	166904	145128	161882	149290	160157	40074	46724	131586	125429	135352	121888
237913	C>T	C.G	220084	298091	251933	591412	536990	239723	228554	760931	536990	73512	81104	252942	288150	282817	255097	503747	514557	515254	491149	539608	514395	426099	407956	525690	570585	517560	555145	240001	281189	240254	272310	242733	267790	69404	76633	225187	215627	223993	207972
169803	C>T	C.T	158198	211440	186464	491353	401464	170434	162262	599747	401464	55493	59170	188503	205622	203244	189542	385351	445918	483190	470403	498791	485417	426745	416661	396218	476837	391115	467972	183744	207031	185347	201249	186144	199259	54665	57373	166878	158998	165750	155251
106493	C>T	G.A	104615	133563	122739	301095	267192	106268	107620	376453	267192	31833	35132	118434	130633	129023	120108	252342	273587	288501	291749	297772	300989	256226	258935	258551	293555	256720	288078	121347	130862	117168	128008	118885	126607	31351	34429	104450	105674	104589	102662
106600	C>T	G.C	98525	131386	116187	283487	261033	102968	102507	338056	261033	30019	37350	113480	127912	125702	118030	247810	255248	268277	272977	277208	282174	231892	236904	253100	275035	253718	268891	114680	128749	111565	125424	115977	123528	29477	36111	100523	100482	103753	96764
195899	C>T	G.G	181559	248747	205658	477453	441923	200236	188763	613971	441923	61787	65358	208373	240082	235138	207836	413000	409053	404889	389362	427561	410471	331890	319895	434653	459982	424537	446537	196455	234536	198246	226915	198038	222634	58274	61817	187860	177838	184220	171803
110054	C>T	G.T	105616	140110	125299	308209	277792	112824	109102	376546	277792	35089	36195	125218	136619	134906	124520	266272	280333	292336	300796	301023	309947	258147	267170	273294	300046	268507	294417	123698	137644	123348	134413	122706	132970	34536	35387	110450	107364	107696	104037
129809	C>T	T.A	118751	163788	141724	365069	318809	132553	122115	451571	318809	40721	41776	148051	160021	158406	147348	310374	333164	354117	355193	365798	366685	316960	318385	319918	356302	314825	349796	140025	160637	145745	157182	145015	155799	40013	40817	129732	120104	126914	117028
133143	C>T	T.C	114623	164266	135728	370742	305856	129035	117152	438231	305856	41790	48497	142911	159850	158185	147177	303031	336886	347923	354425	359782	366571	308127	315012	307353	359756	307061	353306	133960	160926	140631	156571	144200	155221	41286	46859	126314	114719	129607	112808
168091	C>T	T.G	156799	212524	178323	418407	382440	172494	161898	524577	382440	53824	55452	182720	206643	203324	181272	362668	365534	362052	354366	379809	371648	307493	302117	379073	405252	370865	395927	171589	203018	175231	197678	174099	194950	51402	52859	163721	154364	159906	149796
127976	C>T	T.T	124380	180621	147282	413250	331510	149309	126336	528532	331510	58706	42208	162797	175367	172784	145457	329101	373431	398065	388745	414709	404393	354800	348869	341371	400554	317803	392124	145892	176725	160280	171575	143072	169425	57697	41018	145903	123974	124815	122573
127617	G>A	A.A	124739	181384	147531	414101	330866	149001	126361	528800	330866	58918	42082	162235	175632	173208	144898	328473	374339	399421	390991	415497	406039	355256	350084	340114	401259	316510	392856	145887	177115	159536	171775	142506	169673	57800	40665	145389	123964	124434	123124
110919	G>A	A.C	105881	140549	125987	308207	280102	113899	109471	377189	280102	35547	36585	126506	136841	135096	125771	267765	280515	292965	302502	301864	311601	258992	268110	275519	300120	270923	294157	124735	138160	124833	134618	124238	133084	34858	35661	111531	107760	108756	104355
170270	G>A	A.G	158089	211657	186736	489499	401803	170363	161885	599084	401803	55162	59452	188661	205412	203082	189757	385461	444870	482176	469539	497804	484667	426031	415490	396893	474969	392158	466682	184315	206713	185829	200805	186827	198941	54384	57893	166606	158637	166397	155371
155634	G>A	A.T	149039	195848	178542	425774	380738	162767	153222	568505	380738	51291	49145	182254	190772	188445	178561	362748	389979	431132	420493	445119	433837	386343	377999	379576	414727	370111	407172	178879	193730	182249	188650	178843	186855	50970	48587	161441	151992	154615	148372
168870	G>A	C.A	157141	211902	179151	416961	381917	172831	161956	522844	381917	53777	55529	183643	205976	202990	182607	361150	364559	361711	353128	379332	370145	307187	301101	378709	403729	370799	394270	172090	201806	175795	196461	175097	193976	51514	52963	163887	154007	160582	150005
195057	G>A	C.C	181653	246381	205688	477460	441879	199115	188791	610823	441879	61115	65191	207693	238399	233582	207245	410769	408616	403162	388781	425834	409284	330237	319102	433239	459881	422918	446448	195769	232864	198244	225847	198014	221808	57967	61568	187686	177996	183708	171671
239229	G>A	C.G	220225	297543	250721	590589	535185	239631	228575	757362	535185	73029	81420	251885	287244	282242	255209	502775	513142	513226	490573	537497	513391	425116	407900	524525	568358	517414	553891	238860	281288	239750	271840	243204	267743	69075	76373	225465	215380	225079	208059
264412	G>A	C.T	242806	323795	281111	596394	556281	266624	250049	754633	556281	84995	91187	286877	313788	310372	289563	534315	534403	514274	507980	532674	526706	442989	438193	552602	577107	545803	566129	269137	308022	274266	299006	276826	295918	81081	87042	252919	237676	250850	231020
133522	G>A	G.A	114289	163972	135861	372985	304954	129235	116789	437936	304954	41633	48747	143267	159443	157571	147583	301284	338899	346806	356138	358663	367993	307432	315477	306608	362010	306552	355421	134338	160325	141052	156162	145136	154748	41141	47297	126443	114760	130626	112853
106726	G>A	G.C	98372	131485	115746	283261	259954	102727	101992	337964	259954	30065	37597	113127	127655	125733	118206	247433	255292	267928	272943	276917	282288	231983	236974	252221	274773	253055	268946	114164	128165	111197	124678	116017	123195	29465	36423	100335	100296	103830	96693
139645	G>A	G.G	124872	171522	146637	408112	315499	135009	128434	492286	315499	40979	48830	147735	166146	164516	152862	308079	371027	395567	384620	407368	395780	347456	337816	310624	394956	311369	388284	143846	167088	144796	162083	149645	160635	40023	47405	131658	125607	135859	122177
136521	G>A	G.T	122113	168663	144333	373450	311215	138655	125637	457462	311215	41195	43248	152404	164252	162452	152641	302957	339249	361307	352740	373219	364442	318975	310972	314103	363086	309483	356533	142167	164918	149534	160709	149952	159225	40243	42141	135349	123181	133346	119851
129673	G>A	T.A	118529	164284	141372	363976	317417	132088	121593	451199	317417	40781	41784	147718	160641	158921	147203	309448	332147	354115	354365	365288	365629	316953	317035	318325	354893	313675	348261	139753	160995	145181	157607	144942	156089	39959	40799	129029	119646	126869	116807
106970	G>A	T.C	104915	132970	122796	302175	267630	106591	108165	375930	267630	31899	35316	118930	130012	128433	120818	251810	274734	288716	293112	297742	302390	256598	260572	259138	294707	257374	288998	121470	130341	117410	127513	119091	126051	31377	34493	104657	106136	104703	102889
154145	G>A	T.G	140285	185895	165237	431595	364263	149431	144249	536987	364263	44964	53830	165468	181079	179176	171306	348242	391578	431192	415357	445101	429203	379499	366945	358250	419984	359579	412265	162771	181746	162230	177165	168180	175637	43984	52386	145628	141311	150660	137922
238474	G>A	T.T	221338	282240	265035	611764	556409	238574	226332	820307	556409	73768	79129	269167	275289	273086	271883	524619	561152	622092	592197	643761	613045	563371	536474	552251	595784	547631	585587	263235	277950	266438	271477	269209	269621	72694	77594	234829	223420	234460	218908
100328	G>C	A.A	86169	132511	104608	244523	223025	104327	89097	314401	223025	33989	33122	115412	128873	127504	113493	227454	222226	251700	233579	259349	240808	225293	209188	230191	237705	224861	233102	103252	129375	113411	126069	111293	124833	33336	32223	102007	87342	97762	84706
29118	G>C	A.C	29068	40667	34318	76589	72304	34097	30151	102047	72304	12962	9575	36681	39579	38822	33042	70467	68676	75605	71881	78385	74461	66176	63020	73389	74215	68527	72521	33874	39733	35938	38699	32415	38018	12608	9269	33166	29618	28353	28627
50277	G>C	A.G	46690	79956	55762	127943	105135	53497	47980	143811	105135	17894	16299	59115	77819	77218	57021	117138	116752	120219	119696	123165	122404	106628	106044	106518	124181	103031	122170	54911	78471	58130	76470	56041	75835	17520	15949	52260	46994	49148	45764
55243	G>C	A.T	52286	70735	62436	127609	127863	58023	54156	175535	127863	18783	17831	64645	69052	68130	63066	123663	116128	133255	121981	137395	125993	119808	109561	127730	124369	124365	121642	61231	69110	63487	67653	62121	66816	18252	17459	56693	52826	54132	51074
12537	G>C	C.A	12214	17444	14287	34003	33147	14274	12823	59139	33147	4635	3654	15045	16802	16333	13808	31348	29249	35213	28197	36870	29700	29453	23561	33096	32691	31057	31568	13713	16482	14334	15889	13172	15514	4408	3424	13387	12136	11784	11614
7667	G>C	C.C	7972	11821	9247	21430	20114	10575	8393	38128	20114	4479	2393	10441	11272	10838	8368	19219	18247	19891	16998	21160	18111	16417	13947	20954	20384	18239	19666	8868	11009	9909	10512	7859	10189	4346	2200	10010	7984	7110	7589
10388	G>C	C.G	10942	13647	12699	25165	24847	11755	11466	36823	24847	4021	3391	12289	13027	12718	11435	22218	21724	23470	20253	24959	21499	19545	16967	23860	23919	22446	23140	11956	12868	11728	12275	10858	12040	3803	3144	11160	10674	9837	10249
10497	G>C	C.T	10622	14047	12692	26351	27007	12064	11058	48789	27007	4141	3156	13097	13558	13232	11902	24984	23229	26073	21517	27098	22391	22108	18270	26795	25218	25060	24404	12254	13149	12473	12769	11319	12526	4026	2978	11430	10608	9887	10226
46473	G>C	G.A	42427	61820	51412	117466	108872	48166	43758	160725	108872	14921	14670	53773	59896	59133	53092	108375	106608	128447	112646	131995	116005	113548	99502	109514	113859	107249	111590	50936	60443	52576	58517	52158	57915	14462	14318	46959	43040	45495	41846
27099	G>C	G.C	27169	36483	32435	66322	66770	29470	28034	92650	66770	10164	8844	32482	35224	34678	30739	63355	59568	69107	62091	71555	64384	59890	53876	65566	64193	62974	62836	31977	35391	31763	34213	30180	33696	9774	8601	28620	27484	26419	26674
35422	G>C	G.G	36281	49483	42803	81327	77116	35895	37357	101166	77116	11663	12191	39814	47798	47495	39884	75858	74301	83595	75485	85527	77592	73258	66231	72811	78695	71742	77519	41558	48381	38894	46700	38906	46548	11373	11812	34947	36271	34333	35186
34551	G>C	G.T	33265	44698	39824	79394	81200	36007	34492	116560	81200	10796	10691	39954	43239	42608	39260	77410	71667	88718	75110	91522	77838	77824	65972	79961	76967	77891	75237	38988	43566	39076	42168	38404	41631	10541	10357	35190	33580	33673	32508
50079	G>C	T.A	46087	65433	55531	119230	117121	52894	47821	168749	117121	16340	15450	58593	63608	62720	56927	114995	108212	129213	115186	133364	119144	114963	102725	118482	116105	114747	113355	54805	63975	57593	62197	55992	61411	16033	15018	51716	46912	48940	45263
23191	G>C	T.C	23916	30908	28395	60470	60697	25644	24740	88680	60697	8603	7299	28310	30106	29599	26638	57067	54766	62180	57568	64185	59453	55248	51026	59521	58738	56806	57353	28184	30365	27975	29597	26280	29072	8420	7088	25100	24363	22679	23573
30230	G>C	T.G	29886	41455	34884	65923	65899	31762	30957	84334	65899	10605	10103	34549	40290	39758	33703	64851	59664	66925	61250	69038	63389	59146	54093	64432	63952	62559	62695	34538	40558	33746	39281	33164	38866	10306	9827	30872	30298	29772	29537
54202	G>C	T.T	51962	66698	62527	123151	125797	56774	53858	183722	125797	18086	17755	63350	64938	64160	62212	117498	112233	126166	113987	130231	118095	112519	102227	124812	119695	121257	117172	61360	64972	62250	63260	61053	62603	17695	17123	55362	52425	52687	50684
60078	G>T	A.A	58019	74468	67594	142132	132826	62086	59701	184105	132826	21542	21395	68275	73051	72188	67355	126859	129433	142490	135201	148386	140549	129207	122655	131619	138409	128768	135658	66469	72812	67291	71515	66314	70692	21173	20848	60843	58550	58829	56902
29883	G>T	A.C	29642	39819	34959	78971	71427	32242	30658	99953	71427	11151	10141	35260	38768	38163	33853	68659	71389	78139	75086	80822	77603	68683	66525	70618	76749	67940	75124	34500	38895	34755	37911	33316	37237	10879	9831	31587	30102	29183	29066
36164	G>T	A.G	33994	52473	40896	105144	89592	38814	35319	138738	89592	12831	11817	42871	51094	50313	41412	91359	95043	103874	100293	107347	104090	91894	88839	90022	101884	87114	99546	40345	51021	42190	49633	40754	48923	12533	11468	37867	34556	35255	33310
39419	G>T	A.T	37196	46728	44442	98908	91910	43255	38585	134356	91910	15332	13037	47557	45577	44969	45072	85022	89614	100841	93969	104460	97460	90041	84309	93384	96224	89348	94117	43761	45503	46566	44388	44188	43935	14946	12713	42110	37754	38433	36507
8928	G>T	C.A	9412	12661	10866	24134	22429	9290	9858	36127	22429	3134	3079	10082	12324	12055	9867	21039	21242	21760	20621	22842	21586	18569	17819	21160	23374	20693	22739	10662	12096	9715	11746	9511	11547	2996	2913	8868	9488	8506	9153
13461	G>T	C.C	15088	20580	17262	39079	35779	14143	15866	54291	35779	4568	4734	15211	19800	19262	14926	33406	33816	33028	31571	35105	33315	27501	26322	32954	37638	31901	36536	16599	19351	14500	18664	14290	18171	4282	4494	13336	15151	12785	14400
11273	G>T	C.G	11524	16725	13397	32544	30115	12156	12196	52155	30115	3946	3868	12903	16114	15595	12354	28784	28161	28831	26807	30494	28520	23779	22529	28878	31194	27801	30029	12811	15802	12227	15105	11785	14680	3739	3662	11530	11305	10689	10766
11979	G>T	C.T	13927	17619	16207	32415	31696	13280	14444	47234	31696	4458	3697	14506	16970	16605	13654	29230	28967	27581	27480	28654	28567	23689	23584	29895	31333	28384	30470	15482	16550	13897	16009	12998	15725	4346	3501	12675	13737	11326	13320
45967	G>T	G.A	31942	40671	37079	77806	74192	32610	32986	98583	74192	10650	24499	35634	39593	39081	45487	70406	70665	77024	74603	79904	77227	68377	66467	71489	75651	82018	74137	36748	39866	34961	38829	44480	38418	10406	23597	31769	32418	44715	31522
37039	G>T	G.C	38355	46394	44805	90183	88327	36290	39762	102214	88327	11595	13699	40438	45173	44605	41691	80842	81250	81765	85376	84489	88120	71188	74335	82615	87493	82588	85526	43867	45285	39676	44129	40945	43607	11310	13343	35485	38769	36206	37474
35451	G>T	G.G	33717	48490	40323	93388	83721	35425	35074	116884	83721	11572	13046	39052	46970	46169	39882	82771	84516	86298	87345	89362	90266	75463	76548	81396	90113	80436	88242	39393	47134	38133	45643	38827	44890	11245	12538	34494	34123	34368	32787
51173	G>T	G.T	53686	56842	61799	116439	116140	50124	55364	141952	116140	16908	19683	55328	55327	54644	56833	100280	105182	110630	109066	114544	113146	97600	96234	108121	113112	107915	110470	60258	55168	53995	53713	55447	53150	16461	19056	48680	53766	49637	52146
44447	G>T	T.A	38640	51474	45472	109303	94646	43394	39869	141783	94646	14971	17413	47748	50481	49689	48360	91313	99545	105596	104359	109632	108118	95329	94429	95235	106518	94921	104274	44864	50425	47007	49475	47671	48744	14649	16925	42485	39066	43418	37896
42839	G>T	T.C	44627	56363	51918	117705	102550	44808	46163	135706	102550	14553	14252	49324	55208	54435	48480	96829	107060	105611	110527	109191	114260	94023	98766	98504	114497	96007	112330	51174	55066	48368	53862	47488	53180	14212	13901	43684	45189	41729	43690
42640	G>T	T.G	38749	54002	45277	109439	97355	43343	39961	138426	97355	15006	15667	47314	52880	52087	47362	95125	99018	100920	102638	104847	106736	89112	91088	97407	106352	95735	103962	44850	52718	46316	51546	46443	50930	14691	15173	42102	39253	41557	38283
57826	G>T	T.T	60687	77898	70184	154333	143539	64432	61912	213499	143539	23157	18911	71126	75927	74892	65902	135312	139230	144877	139857	151192	146027	129297	125554	141631	150074	133674	146626	68792	75112	69602	73596	64502	72594	22615	18441	62537	60268	56127	59225
48683	T>A	A.A	45080	62023	52645	118620	110217	55929	46402	171002	110217	20503	16123	59667	60318	59064	53564	106975	106461	118527	106931	125550	113267	108077	98002	115872	114780	107130	111722	52024	60440	58684	58747	52577	57690	20288	15644	54725	45413	47767	44578
29056	T>A	A.C	30270	33896	35411	65858	68529	29571	31146	81324	68529	9770	10049	33110	32953	32522	32926	60606	59869	62424	62715	64749	65274	56133	56769	65058	64075	64150	62768	34897	33201	32468	32300	32323	31918	9507	9749	28861	30594	28330	29719
40765	T>A	A.G	42869	53592	50068	105954	103745	45197	44104	129271	103745	16209	13282	49693	52000	51482	46355	97333	96730	100827	103405	104109	107063	91557	93837	101617	103157	96840	101051	49562	52367	48850	50922	45769	50484	15834	12988	44298	43295	40239	42422
47406	T>A	A.T	38600	48305	45093	93501	88708	45191	40226	131197	88708	17094	21412	48274	47024	45606	49836	82578	84171	94549	86913	99139	91258	84916	78512	90157	90662	90186	87784	44184	47010	47064	45844	48454	44591	16719	20464	43966	39326	45901	37940
20521	T>A	C.A	17504	26634	21164	50299	48075	22038	18086	76106	48075	7618	6853	24212	25935	25538	23088	48259	45657	55764	48515	58015	50643	50043	43907	50402	48949	48536	47764	20969	25868	23775	25214	22711	24898	7456	6604	21569	17822	20067	17302
21967	T>A	C.C	18912	28400	22548	55901	51432	22641	19764	89887	51432	7541	7642	24435	27370	26715	23891	50806	49784	64901	53610	67648	56009	56902	47269	52075	54036	50757	52444	22254	27577	23794	26712	23253	26095	7421	7412	21901	19387	21160	18654
30486	T>A	C.G	27443	42106	33017	80826	74944	32677	28451	111824	74944	10987	10115	35739	40849	40080	34595	75403	73045	83060	79350	85725	82277	73343	70527	76449	78477	73946	76622	32681	40822	35042	39680	33926	38970	10700	9846	31778	27980	29652	26969
26299	T>A	C.T	22422	31831	27057	67055	61174	27047	23472	111758	61174	9168	9322	29755	31075	30297	29461	59685	60822	78445	64211	81037	66755	70507	58072	62749	65360	61438	63390	26747	31120	29130	30379	28807	29627	8993	8996	26330	22957	25465	22012
17015	T>A	G.A	15098	21224	18261	41705	39771	18737	15611	62551	39771	6583	5472	20569	20650	20274	19362	38796	37955	46147	40367	47717	42039	41337	36400	41374	40591	39471	39703	18079	20803	20109	20252	18931	19958	6456	5361	18161	15363	16522	14906
12235	T>A	G.C	13297	14530	15160	28962	29387	12929	13730	41420	29387	4510	4212	14022	14120	13864	13596	25848	26155	30137	27446	31344	28450	26937	24518	27717	28152	27009	27465	14962	14100	13710	13681	13374	13443	4373	4112	12607	13474	11961	13013
23053	T>A	G.G	21865	32188	26156	58957	55502	24831	22708	78340	55502	8882	7965	26901	30913	30247	25593	54541	52736	56478	56529	58857	58712	49751	49919	54897	56921	52786	55620	25871	31284	26482	30049	25300	29534	8745	7766	24242	22215	22539	21565
17581	T>A	G.T	17394	22312	20118	41570	40229	18605	18121	61326	40229	6630	6333	19987	21626	21210	19379	38003	37424	42341	38819	44089	40500	37686	34824	39498	40389	38203	39287	19838	21573	19608	20939	19072	20613	6477	6163	18107	17718	17176	17147
79086	T>A	T.A	49410	70084	58508	126379	113535	76083	52428	167455	113535	29895	36607	78341	68631	66805	80556	112010	114379	121122	114099	126482	119198	109392	102614	129659	122296	129899	118538	57387	67936	76663	66851	78769	65153	29229	35551	73976	50911	76851	48385
22346	T>A	T.C	16996	20977	20137	41801	41005	18335	17560	60880	41005	6234	10667	20248	20376	20065	23604	37936	38132	45006	40848	46626	42461	40701	37100	40639	40660	43521	39712	19986	20442	19944	19881	23122	19592	6154	10310	18018	17304	21736	16799
25829	T>A	T.G	19665	29973	23521	53843	50327	23166	20287	70611	50327	8402	11739	25480	29082	28418	27469	51154	48972	51854	52053	54060	54321	46691	47036	51417	52398	53015	51335	23189	29194	24975	28294	26929	27749	8267	11361	22642	19843	25106	19316
58673	T>A	T.T	40704	60354	49806	113684	102351	50184	43538	164304	102351	17200	27744	53096	58299	55678	59748	99170	100642	113259	101252	120167	107421	100834	90745	103592	109832	108317	105068	48916	58221	51945	56451	58166	54172	16841	26404	48832	42493	56510	40062
289272	T>C	A.A	282053	404984	337129	756865	715974	295400	287733	1051552	715974	91029	90582	335593	395364	392364	332392	716566	694684	809748	734098	845741	768237	748298	680193	705188	739644	693457	727669	334017	397918	331082	388490	328287	385810	90026	89315	290542	284607	285277	279614
90211	T>C	A.C	89780	124248	105923	224103	220585	93354	92127	337085	220585	29699	29061	104703	121351	119989	102915	217623	205129	255539	221449	264728	229872	231340	200947	215901	218745	211264	214614	104463	121683	103156	119011	101302	117794	29140	28297	91363	90514	88295	88234
295983	T>C	A.G	306517	407085	356096	658381	635762	308065	311955	840212	635762	104979	98378	346812	400764	399463	339666	631523	609772	714050	652328	733861	671560	651029	595158	616879	644596	602219	635461	356489	404806	347173	398179	340277	397452	104375	97904	306479	310754	294904	305432
237388	T>C	A.T	235179	327318	279090	537544	544666	235187	241380	776266	544666	72160	80051	267178	319753	316914	270900	542108	493615	616343	522528	636716	540926	562136	476685	526140	525927	523177	516406	273458	318512	261559	311556	264966	308858	70673	77654	229612	235921	231060	230073
101177	T>C	C.A	95828	147787	116453	290497	276562	105304	98541	465428	276562	31689	30415	119696	143596	141344	117054	279852	264834	342899	296132	356040	308759	308897	267102	276620	283106	269835	277581	116053	144752	118582	140921	115911	138984	31209	29507	103610	97239	99237	94958
68898	T>C	C.C	66875	92299	79380	178957	170329	74716	68954	297238	170329	25332	22431	81448	88982	87399	77231	164370	161710	216002	176038	223819	182941	191082	156423	169838	173234	162644	169220	78879	89950	80489	86866	76405	85718	25083	21939	73253	68024	67844	66401
176645	T>C	C.G	178608	230147	208223	393526	400857	185825	182403	539164	400857	61733	56437	206218	223919	222737	200265	379794	357201	444833	398088	459014	412435	394310	352044	390610	382504	378326	375778	209736	229076	207307	223468	201354	222516	61921	56565	185983	183394	176625	179274
103730	T>C	C.T	96933	133462	115568	245149	236227	102626	99559	383185	236227	34015	37795	114689	129257	127103	115689	230358	223732	276354	238711	286429	247803	248740	216232	231407	237914	229142	232527	114672	130502	113374	126654	114264	124944	33714	36683	100798	98278	101624	96310
103552	T>C	G.A	99831	154849	121523	283066	282532	106082	102531	431089	282532	30577	30902	121870	151092	149193	120713	287207	258371	327294	291215	340247	303468	295187	263674	278919	275948	273526	270629	120809	151493	121087	147987	119870	146548	30223	30178	104435	101297	101797	98946
56643	T>C	G.C	56431	82219	66538	135690	137332	58750	58322	231320	137332	18657	18490	64914	79763	78523	63884	138480	123677	166432	136782	171923	141988	148926	123195	133629	131875	130505	129212	65639	79825	63717	77547	62567	76569	18257	17803	57287	57125	55046	55462
138420	T>C	G.G	136707	183035	160620	297954	309732	144683	140099	416689	309732	48575	45935	160259	178549	177124	156502	297548	269211	335701	301116	348642	313162	297485	266482	304248	289765	295461	283887	162868	182869	161649	178575	158072	177210	48475	46079	144993	141308	138801	137855
97750	T>C	G.T	99814	139155	119117	236351	244052	99249	102484	366950	244052	30234	31397	112700	135431	134061	112819	241534	216665	279438	235706	288407	243813	253546	213968	234554	230673	231090	226513	117135	135844	110423	132370	110404	131224	29532	30473	96851	100622	95213	97951
125309	T>C	T.A	117452	176955	142831	326506	312587	128130	120984	480869	312587	38817	39425	145313	172466	170410	144500	317107	300036	363789	324278	377297	337155	331249	295847	311850	319264	306402	313201	141397	172784	143233	168824	142419	167125	38147	38331	125316	119480	122587	116144
89124	T>C	T.C	79883	110108	95308	200457	191060	87882	82424	310851	191060	29860	33313	97000	106424	104584	98076	186883	183192	225624	194418	234201	202658	204235	177197	189516	194197	187747	189916	94604	107939	96110	104488	96969	102970	29793	32699	86522	81178	87593	79176
131623	T>C	T.G	123079	171916	146221	281524	287865	134619	126289	417780	287865	43410	43672	151121	168452	167081	149668	284775	257677	342463	284463	353735	295216	308281	256308	288192	275277	282712	270287	146148	170239	151094	167205	149488	165988	43113	43175	133742	125624	130686	122536
183067	T>C	T.T	145172	207741	173643	354426	339758	147737	147830	521200	339758	52127	87656	166233	201141	197378	193031	335419	320159	383275	329999	400441	345986	342852	297054	326719	343521	346185	333220	171228	203028	163411	196557	189182	193729	51638	84806	144261	144740	178231	143215
39706	T>G	A.A	33806	45244	41073	89073	85727	41874	34703	150158	85727	13699	12769	45794	43492	42895	44299	81166	80868	105151	81594	109998	85860	96752	75325	89098	86597	86359	84691	40756	44286	45093	42520	43721	42081	13470	12589	40973	34230	39079	33426
20820	T>G	A.C	18833	25866	22728	50518	49441	21283	19467	78943	49441	6530	6678	23814	25103	24725	23646	47582	45904	57054	47623	58923	49497	51314	42883	49775	49185	48844	48164	22408	25181	23483	24500	23160	24227	6434	6411	20790	19025	20192	18458
44983	T>G	A.G	44722	51802	53840	104073	107008	49988	46138	154319	107008	17006	13567	55908	50189	49600	52068	95523	95446	119493	99436	122899	102801	108050	90123	107559	101365	102222	99354	52836	50492	54879	49003	51141	48517	16721	13244	48903	45226	44002	43859
45635	T>G	A.T	39994	53026	48103	100392	99835	44215	41309	144189	99835	14182	16860	49425	51657	50737	50819	94945	91708	109162	95681	113292	99671	99213	87199	99695	98049	99828	95881	47311	51644	48466	50360	49833	49599	13889	16337	43245	40494	44593	39259
22471	T>G	C.A	19334	25300	23217	44097	45303	23862	19850	69531	45303	7811	7012	26085	24497	24244	25200	43272	40459	56964	42438	58524	43589	51752	38521	47270	43047	45833	42325	22799	24863	25630	24107	24748	23851	7648	6892	23376	19509	21996	19017
24908	T>G	C.C	23247	29253	27691	57165	54382	25731	23897	79642	54382	8270	8198	28205	28225	27849	27760	50078	51679	63840	53811	65841	55530	56268	47542	54100	55352	52779	54210	27224	28454	27732	27480	27275	27136	8130	7974	25165	23421	24309	22768
39365	T>G	C.G	36834	44842	43961	80403	80917	43744	37846	107390	80917	15379	12646	47421	43416	43008	44237	74028	73223	88785	76317	91111	78426	79092	67912	83181	77981	78833	76602	43141	43769	46482	42403	43397	41992	14945	12332	42520	36975	38449	35941
37499	T>G	C.T	33854	42620	40104	73650	74927	36753	34744	105899	74927	12183	13729	40619	41530	41110	41486	71025	67757	86866	70722	88975	72626	78566	64020	74275	71895	74148	70524	39549	41869	39965	40760	40764	40401	11922	13404	36067	34216	36732	33349
17624	T>G	G.A	16417	22244	20056	44243	43063	20326	17082	74997	43063	7111	5245	22318	21490	21113	20246	40866	40232	52943	41657	54370	43067	47527	37416	44722	42938	41875	42127	19825	21669	22063	20923	20005	20625	7006	5073	19886	16704	17264	16167
12069	T>G	G.C	11293	16663	13647	29893	29387	13595	11724	55458	29387	4598	3689	14753	15999	15737	13749	28925	27077	35263	27674	36455	28574	31288	24647	30027	28991	28461	28365	13417	15989	14395	15363	13488	15146	4501	3586	13220	11401	11749	11001
36062	T>G	G.G	33464	44880	40354	90035	81614	44457	34651	124698	81614	17368	10959	46921	43012	42271	40413	77007	80872	93395	83564	96252	86549	82375	73585	87266	86926	79196	84954	39949	43728	46137	41848	39719	41152	17058	10627	43455	33940	35143	32802
27354	T>G	G.T	23643	33284	28696	60618	57094	28262	24905	93292	57094	10213	10638	30600	32150	31122	29941	55318	54536	63142	54605	65303	56674	56474	48846	57977	58667	56340	56713	27950	32468	29922	31313	29095	30292	10015	10191	27611	24130	26581	23002
53120	T>G	T.A	45130	61661	55575	118310	117545	55086	46492	176914	117545	16937	16352	61558	59710	58910	60396	113063	108613	137282	114240	141359	118355	124997	103855	122489	115374	119461	113075	54594	60353	60458	58457	59209	57770	16694	15860	53982	45594	51881	44408
31058	T>G	T.C	29803	38249	35945	75049	74565	32230	30704	121813	74565	10195	9915	36172	37036	36488	35489	70317	68754	90415	72569	93218	75011	81734	65736	73930	73060	72159	71565	35353	37280	35492	36169	34857	35721	9987	9633	31516	30078	30324	29238
55526	T>G	T.G	48270	62980	58465	124331	119868	59313	50123	184551	119868	21010	19116	64727	60871	59728	61727	112148	112473	141414	118173	145855	122654	126093	105995	124224	120553	119376	117853	57394	61170	63385	59250	60316	58202	20488	18364	57658	48906	53777	47128
128710	T>G	T.T	86396	122968	105788	215133	213526	101461	91408	318547	213526	31702	62601	109253	118256	114569	129892	205598	192899	238354	197589	249166	207222	212337	176798	213556	208198	231544	200156	103899	119474	106899	115146	126766	111781	30934	60191	98548	89254	124540	84604
