panPan1_VS_hg38.r_ponA	SUBS	Context	hg38_VS_panPan1.r_ponA	gorGor3_VS_hg38.r_ponA	hg38_VS_gorGor3.r_ponA	ponAbe2_VS_hg38.r_nomL	hg38_VS_ponAbe2.r_nomL	panTro4_VS_hg38.r_ponA	hg38_VS_panTro4.r_ponA	nomLeu3_VS_hg38.r_ponA	hg38_VS_nomLeu3.r_ponA	panTro4_VS_panPan1.r_ponA	panPan1_VS_panTro4.r_ponA	panTro4_VS_gorGor3.r_ponA	gorGor3_VS_panTro4.r_ponA	gorGor3_VS_panPan1.r_ponA	panPan1_VS_gorGor3.r_ponA	gorGor3_VS_ponAbe2.r_nomL	ponAbe2_VS_gorGor3.r_nomL	nomLeu3_VS_ponAbe2.r_rheM	ponAbe2_VS_nomLeu3.r_rheM	nomLeu3_VS_ponAbe2.r_papA	ponAbe2_VS_nomLeu3.r_papA	nomLeu3_VS_ponAbe2.r_nasL	ponAbe2_VS_nomLeu3.r_nasL
55738	A>C	A.A	38488	54622	46381	91672	91764	45635	40805	137733	91764	14127	26080	48217	52416	50861	55979	88506	81636	100125	82004	105423	86730	89055	72980
12085	A>C	A.C	10342	14850	12417	26209	24867	12810	10968	41103	24867	4767	4694	13490	14285	13945	13007	24213	23419	26989	22952	28077	24057	23981	20449
16496	A>C	A.G	14612	18823	17300	31168	31546	16345	15187	44873	31546	5389	6097	17634	18150	17976	17971	30164	28427	35957	29143	37032	30057	32039	26065
20586	A>C	A.T	18128	24142	21636	44612	44238	20362	18890	65184	44238	6582	7643	22186	23457	23002	22575	42007	40507	47834	41083	49993	43442	43332	37506
24774	A>C	C.A	21471	28427	25820	54689	52826	27024	22510	81711	52826	9573	8493	28931	27400	26773	27256	49419	49058	60546	50247	62773	52513	53845	44749
16343	A>C	C.C	14988	19806	18022	38726	35833	20156	15756	54427	35833	7785	5050	21024	18962	18507	18078	33088	34451	39806	35248	41352	36704	34818	30904
17414	A>C	C.G	16088	19605	19068	33959	34696	19500	16683	45900	34696	6856	5670	20798	18896	18659	19388	31508	30593	37064	31321	38232	32352	32744	27565
20774	A>C	C.T	20601	24390	24458	46746	47932	23225	21436	69192	47932	8048	6517	25297	23560	23205	23579	42880	42449	52118	43817	53883	45536	46930	39312
13855	A>C	G.A	13115	16867	15698	33016	32572	14624	13686	54455	32572	4770	4538	16116	16377	16042	15628	30438	29965	38966	31011	40423	32297	34995	27927
5324	A>C	G.C	4909	7252	5901	13051	12639	6056	5152	24424	12639	2064	1655	6396	6969	6789	5927	12481	11639	14825	11487	15327	12024	13110	10085
10767	A>C	G.G	10093	12553	12014	23916	23099	11277	10530	33803	23099	3649	3661	12096	12083	11870	11899	20971	21358	26491	21977	27306	22859	23195	19244
9270	A>C	G.T	8616	11801	10353	22804	21994	9632	8948	35561	21994	3042	3065	10597	11401	11171	10445	21060	20633	25121	20847	26055	21676	22326	18685
23442	A>C	T.A	19985	27710	24384	51377	51260	24777	20793	77039	51260	7717	7179	27062	26626	26277	26271	49430	46631	57673	48388	59894	50697	52142	43695
7882	A>C	T.C	7223	9789	8746	18835	18738	9108	7662	32740	18738	3167	2333	9784	9441	9250	8854	17564	16879	22248	17082	23140	17851	19877	15281
10134	A>C	T.G	8513	11231	9986	18734	19736	10745	8900	29918	19736	3573	3305	11368	10842	10680	11011	18692	17036	23877	17561	24685	18234	21576	15791
18127	A>C	T.T	15660	20700	18789	40212	38621	19270	16434	68348	38621	6436	6014	20801	19917	19625	20074	36110	36289	46252	35639	48833	37846	42384	32735
81417	A>G	A.A	64300	91822	75800	153513	146942	66855	65846	228527	146942	23258	38285	73185	88498	86581	84079	144374	137582	162604	138546	171284	146890	144905	124033
45111	A>G	A.C	45475	63202	53795	105596	108876	46287	46975	164329	108876	14114	14474	51418	61382	60688	51125	107177	96267	122169	102347	126906	106544	109891	92434
46827	A>G	A.G	43271	59383	51037	108177	102596	47018	44758	168737	102596	15477	16973	51190	57341	56369	51470	99580	97726	117820	102288	123345	107222	105525	91856
107785	A>G	A.T	105275	147361	123191	236689	237909	107733	108615	340560	237909	33186	36575	119230	143669	142191	120612	237639	216013	264000	224523	275093	234205	240028	203871
59766	A>G	C.A	56224	78108	65568	123435	125926	61816	57941	180099	125926	20500	20068	67746	76166	75391	66651	124848	112154	144322	119683	149917	124586	129587	107221
60991	A>G	C.C	60364	80642	69872	125936	130660	64293	62136	175240	130660	22086	20666	70032	78529	77711	68047	125684	112924	138057	122001	144004	127390	121535	107563
76823	A>G	C.G	77398	100107	89124	163830	167151	81255	79584	224709	167151	27501	25259	88387	97599	96823	85658	159188	147829	180488	159326	187169	165646	159074	140279
134028	A>G	C.T	136101	184348	156103	286214	273222	140431	139483	362839	273222	48528	45400	153876	180842	179886	150248	274600	262634	301916	273060	311992	282856	273497	247561
40475	A>G	G.A	36169	49866	42826	88932	85102	40329	37602	139120	85102	13753	15357	43508	48021	46888	43890	82680	80250	98101	83559	102738	87859	88219	75374
25902	A>G	G.C	26067	36947	30228	60774	61658	27425	27131	102602	61658	8730	8376	29552	35737	35120	28674	60963	54705	72384	59504	75266	62010	64481	52851
31237	A>G	G.G	30109	40595	35130	78526	74056	34130	31322	128810	74056	11567	10275	36429	39167	38207	34356	70680	70767	91595	74861	95364	78270	80547	65913
41468	A>G	G.T	40177	55815	47067	99379	96497	43457	41654	148313	96497	13785	13383	47324	54204	53609	46375	95013	90261	109447	95016	114057	99339	98384	85851
57587	A>G	T.A	53678	79532	64060	145555	138753	59316	55585	212995	138753	17929	18204	65548	77190	76113	65026	139085	132656	156831	140126	164157	146863	142309	127121
47975	A>G	T.C	45503	69381	54735	126012	125439	49581	47229	190721	125439	14482	14619	55307	67266	66311	54691	125796	114272	141099	125089	147851	131644	126595	113029
45443	A>G	T.G	43031	65531	51442	128078	121494	47733	44633	201358	121494	14426	13941	53064	63623	62585	51780	121779	115653	144268	125816	150880	131901	129386	112938
131599	A>G	T.T	126833	183786	150276	336712	315670	135274	130419	464202	315670	41839	41959	150105	178810	176984	148867	315542	306348	349051	316405	367755	334519	321286	292199
27027	A>T	A.A	18700	27653	22432	50796	45573	23909	19983	74591	45573	8165	12446	24685	26639	25607	27232	44168	44714	50211	44307	53625	47456	44727	39575
8510	A>T	A.C	8421	10436	9692	19063	18762	9121	8884	28462	18762	3300	3131	9615	10099	9831	9237	17126	17105	19091	17409	19956	18258	16791	15496
12319	A>T	A.G	10588	14687	12587	30773	27832	12857	11176	51385	27832	4289	4371	13633	14217	13883	13480	26645	27695	34703	28785	36427	30104	31187	25762
21487	A>T	A.T	17558	22097	20575	42935	40138	21237	18652	60013	40138	7931	9260	22191	21390	20724	22464	36549	38268	41942	38639	44379	40841	37756	34853
11782	A>T	C.A	9405	14172	11106	24669	23417	10933	9790	32327	23417	3858	5049	11721	13763	13414	12436	23593	22068	23125	23076	24260	24210	20646	20646
10779	A>T	C.C	10281	15196	12136	26945	25428	11728	10805	35928	25428	4126	3734	12463	14571	14241	11800	25083	23879	25192	25076	26371	26229	22078	22160
14323	A>T	C.G	13131	19588	15671	36529	34466	15252	13908	50391	34466	5029	4802	16493	18937	18493	15990	33956	32782	36257	34973	37593	36325	31639	30723
19697	A>T	C.T	20866	25572	24373	49508	49203	21816	21665	59840	49203	7614	6366	23793	24820	24383	22233	45096	44777	45221	47161	47150	49124	40790	42618
9981	A>T	G.A	7931	9682	9190	18968	18634	8750	8341	27509	18634	2971	4533	9313	9299	9116	10411	17102	17080	19713	17880	20565	18679	17591	16132
5758	A>T	G.C	6314	6359	7141	13237	13600	6143	6631	18756	13600	2072	2000	6417	6149	6016	6214	11331	11802	13250	12131	13901	12707	11854	10839
10026	A>T	G.G	8622	12663	10255	25042	23160	10414	9098	39795	23160	3559	3643	11091	12214	11863	10825	22341	22173	27960	23391	29198	24449	24227	20307
13808	A>T	G.T	14491	15590	16704	29874	31475	14225	15035	37284	31475	4659	4741	15487	15184	14946	15349	27316	27055	27786	27724	28946	28968	24832	24722
34902	A>T	T.A	22928	31234	26537	54319	50218	34426	24201	72411	50218	13783	15912	35062	30720	29597	35552	48784	48555	51194	47752	54192	50592	46083	42993
7804	A>T	T.C	7038	9991	8520	18637	18095	8626	7365	28840	18095	3079	2602	9361	9694	9536	8773	17421	16840	20425	17648	21467	18476	18341	15850
9478	A>T	T.G	8240	12245	9776	23229	21786	10201	8667	34568	21786	3475	3199	10941	11893	11644	10432	21729	20941	24272	21647	25646	22752	21810	19498
22867	A>T	T.T	20927	28194	24351	53244	49950	26283	21876	76583	49950	9248	7498	27444	27273	26653	24716	47435	47391	51528	46507	54989	49604	46746	42454
27700	C>A	A.A	28192	35265	32438	70777	64893	31026	29187	95791	64893	10846	9020	33327	34248	33727	30869	59753	63282	63784	62094	67036	65296	56831	55647
23972	C>A	A.C	25592	26313	29163	53262	53250	23992	26580	64117	53250	8073	9152	25937	25554	25171	26400	45028	47566	48737	48444	50792	50480	42824	42421
5440	C>A	A.G	6395	8058	7312	15013	14135	6075	6756	20997	14135	2044	1777	6596	7693	7458	6174	12999	13288	12040	12049	12617	12567	10203	10371
19210	C>A	A.T	17740	21766	20964	45367	42163	21079	18574	60813	42163	7325	6374	22537	21117	20743	21392	38397	40895	44209	41608	45950	43497	39250	37128
20791	C>A	C.A	18736	25755	21748	51852	45467	21104	19475	64694	45467	7195	7750	22749	25109	24786	22821	43794	46459	46372	47081	48436	49237	40661	41279
16416	C>A	C.C	15390	22046	18260	41657	37241	16613	16243	51942	37241	5260	5932	17892	21211	20806	18099	36569	37270	37098	37620	38509	38963	31990	32642
5192	C>A	C.G	5371	7585	6221	14932	13412	5543	5811	23463	13412	1710	1819	5712	7287	7050	5581	12625	12843	12849	11768	13596	12595	10603	9717
17498	C>A	C.T	16268	24333	19282	48423	41437	18763	17114	63621	41437	6208	5956	20310	23721	23229	19766	41198	43324	46291	44645	48191	46458	40625	39309
20982	C>A	G.A	22177	26797	25468	56276	49219	22193	23108	62788	49219	7086	6946	24009	26195	25757	23474	45338	50775	47644	51101	49324	53078	42028	45575
17194	C>A	G.C	17670	21235	20489	40617	39995	17207	18438	46094	39995	5512	6224	18708	20561	20149	19007	35991	36418	36143	37406	37361	38817	30991	32161
6361	C>A	G.G	7022	9427	8007	17198	15806	6687	7411	23678	15806	2046	2124	6972	8927	8700	6835	14658	14837	14013	13454	14950	14347	11577	11164
14617	C>A	G.T	14125	18498	16604	36605	33006	15619	14795	45405	33006	5215	4978	16838	18008	17720	16340	31228	32885	34578	33687	35780	35100	30324	29566
21107	C>A	T.A	18281	23749	21259	49583	42841	20871	19136	63803	42841	7187	8277	22097	23122	22763	22503	40727	44743	46141	45712	48212	47898	41631	41292
19875	C>A	T.C	14880	18514	17032	35264	33274	15198	15488	43607	33274	4985	10078	16372	18006	17725	19982	31056	31621	33120	32861	34516	34114	29377	28963
4084	C>A	T.G	4374	5678	4951	11204	10229	4340	4594	16401	10229	1456	1388	4592	5407	5323	4437	9372	9812	9662	8995	10142	9533	8183	7778
29183	C>A	T.T	27961	35126	32135	65993	61291	30569	29107	84420	61291	10576	10394	32669	34296	33828	32077	57829	59567	63716	60790	66772	63600	57443	54902
24718	C>G	A.A	23331	30197	27689	55426	55421	26399	24457	81613	55421	8524	8144	28504	29316	28885	27643	51543	49906	54499	49372	56781	51651	48458	43921
15452	C>G	A.C	14818	19884	17535	34367	34870	16477	15612	50869	34870	4984	4898	17677	19151	18831	17239	33194	30775	37530	31320	39096	32645	33027	27271
4692	C>G	A.G	4581	6166	5422	11535	11514	5499	4923	20624	11514	1853	1509	5681	5948	5748	5178	10583	10134	10716	9062	11170	9502	9063	7584
24891	C>G	A.T	23088	31376	27487	55982	55674	26574	24134	76832	55674	8711	8192	28951	30564	30078	28159	53481	50468	56682	51601	58861	53612	50787	46114
13739	C>G	C.A	12913	18156	14890	28204	27703	14375	13375	36059	27703	4822	4659	15172	17562	17306	14855	27473	25328	27964	25574	29000	26501	24473	22480
15285	C>G	C.C	15442	21242	17971	34202	32066	15906	15999	42545	32066	5126	5150	17104	20492	20286	16898	31621	30855	34089	30616	35017	31606	29657	26657
4606	C>G	C.G	4901	5987	5545	10978	10861	5213	5207	15974	10861	1737	1496	5294	5658	5460	4932	9518	9310	9783	8335	10391	8949	8042	6811
21963	C>G	C.T	20175	34537	24068	54106	44409	23824	20997	61235	44409	8030	7187	25838	33532	33112	24611	48766	49046	49886	49230	51282	50559	43618	43322
10503	C>G	G.A	10679	13720	12655	26285	26806	11611	11195	38583	26806	3820	3358	12667	13327	13050	11944	24794	23493	26433	24071	27256	25016	23090	21199
12096	C>G	G.C	12102	15826	14175	28182	28560	13156	12637	39775	28560	4370	3916	14152	15282	14922	13500	26865	25235	28909	25841	29957	26793	24842	22227
3409	C>G	G.G	3583	5064	4039	9320	8730	4641	3824	16425	8730	1948	1093	4428	4789	4635	3571	8159	7850	8209	7047	8810	7527	6741	5713
13076	C>G	G.T	12984	17735	14989	32961	31010	15125	13477	43291	31010	5671	4342	15980	17247	16812	14476	29715	29439	31147	29843	32335	31058	26843	26038
22398	C>G	T.A	20503	28810	24443	51757	50695	23692	21529	73470	50695	7277	7161	25608	27987	27448	24997	49208	46324	54462	48422	56463	50416	48302	42901
20700	C>G	T.C	18669	27149	22507	50203	47224	21826	19718	69341	47224	6799	6642	23744	26322	25876	23284	46455	45088	53532	46901	55452	48375	47129	41117
5481	C>G	T.G	5300	7546	6297	15092	14224	6184	5590	25739	14224	2002	1723	6438	7240	6995	5965	13200	12873	14635	11885	15556	12526	12137	9733
45240	C>G	T.T	38417	59241	45877	106544	96767	47591	40057	135501	96767	15555	15062	51321	57432	56615	50307	98540	96112	105017	98684	108721	102217	93656	87831
107808	C>T	A.A	99521	123980	116742	264912	240199	108756	102617	353668	240199	33769	36158	119207	120603	119367	119890	223494	240964	259036	247789	270412	258317	233389	223614
62305	C>T	A.C	55422	75180	64658	163495	135991	63691	57718	199520	135991	18918	20052	68320	72980	72000	68341	131261	147547	152840	149960	158713	155415	134124	131369
113194	C>T	A.G	103505	135197	118537	249548	229137	115625	107661	310917	229137	37520	39929	121587	130996	129153	121970	217760	222177	205021	204878	213325	213600	175413	175903
71049	C>T	A.T	67933	87330	79786	186959	166373	74323	70458	246560	166373	23447	22930	81227	84908	83805	79813	157271	170013	181300	177785	188466	184784	161821	159410
68436	C>T	C.A	63037	81516	73019	185344	156515	67428	65160	228250	156515	20557	23821	73031	79300	78309	74864	147908	167489	178160	173463	184710	180079	156101	152082
62113	C>T	C.C	55418	74242	64929	174508	136432	60486	57637	210614	136432	18221	21834	65199	71827	70747	67066	130595	157304	164211	159903	169632	165124	142964	139616
100058	C>T	C.G	91765	121409	104007	239744	215719	101290	96272	305639	215719	31267	35023	104365	116893	114192	105260	199804	207206	200052	192282	210103	202147	164279	158723
77254	C>T	C.T	72731	94462	84797	215644	177582	78251	75291	261159	177582	25246	26969	84683	91546	90080	84933	167719	194380	204692	200809	212304	208339	179775	176798
48025	C>T	G.A	46785	58606	54155	129769	115023	48495	48621	161287	115023	14698	16001	52610	57115	56293	53079	107641	117195	119898	121964	124493	126490	105801	107683
47497	C>T	G.C	44416	57733	51671	121696	112585	46830	46702	143917	112585	13654	16457	50349	56099	54850	51766	105246	108931	110900	113758	114920	117904	94978	97985
82019	C>T	G.G	75047	101198	84072	191971	175790	84854	78656	244708	175790	26565	27861	85909	97280	94782	85120	162602	163653	155019	150910	164495	159796	126408	122852
50932	C>T	G.T	48975	62691	57566	136059	123876	52538	51118	165090	123876	16136	16840	57099	60921	59933	56775	116367	123094	124204	128646	128590	133144	108990	113699
59595	C>T	T.A	54239	72896	63936	160743	139533	61389	56181	196699	139533	18851	19308	67010	70929	70106	66517	134213	145986	150221	151935	156187	157747	134052	135638
60514	C>T	T.C	52090	73040	61039	162012	133976	59313	53637	191324	133976	18920	21864	64345	70791	69908	65840	130936	146241	147650	150421	153393	156564	129794	132980
72440	C>T	T.G	66840	88739	75525	174284	157175	74917	69574	216434	157175	23573	24324	77695	85888	84299	76975	147394	151725	144419	142498	152255	150197	121824	120946
59116	C>T	T.T	57753	81103	67575	183064	148274	68733	59260	232785	148274	26440	19663	73400	78448	77138	65960	144391	164389	170936	167482	179183	175347	151881	149637
59256	G>A	A.A	57688	81777	67488	184214	147773	68546	58948	232561	147773	26509	19759	73115	78823	77593	65979	144675	165347	171107	169060	178990	176905	151475	150891
50720	G>A	A.C	48674	62807	57347	136098	124245	52579	50880	164661	124245	16344	16972	57017	60918	59895	56605	116716	122869	124200	129556	128590	133977	109095	113893
77228	G>A	A.G	72277	94881	84564	215279	177923	78019	74639	261447	177923	25010	26897	84648	91853	90576	84842	168209	194234	204675	200999	212254	208468	179732	176671
70575	G>A	A.T	67733	86630	80134	186321	166884	74244	70146	246070	166884	23421	22676	81517	84087	82902	79772	156464	169748	180731	178065	187787	184624	161080	159240
73036	G>A	C.A	67171	88815	75734	174600	157476	75198	69829	216557	157476	23539	24391	78133	85982	84591	77663	147417	152036	145098	143152	152874	150659	122582	121419
81606	G>A	C.C	75361	99801	84196	192423	176454	84326	79179	244266	176454	26267	27837	85579	96368	94005	84793	162267	163744	154738	150920	163900	159443	125881	122976
100325	G>A	C.G	91809	121657	103316	240301	215457	101418	96351	305274	215457	31312	34933	103793	116970	114407	105041	200362	207613	200512	193224	210608	203016	164314	159504
114140	G>A	C.T	104411	135748	119074	249692	229477	116133	108530	310331	229477	37671	40460	121788	131396	129404	122669	217590	222650	205151	205362	213537	214243	175530	176509
60254	G>A	G.A	51737	73134	60853	162871	133282	59026	53358	190943	133282	19002	22069	63841	70809	69722	65366	130399	146834	146938	150938	152691	156728	129118	132733
47420	G>A	G.C	44136	57615	51276	121154	111757	46350	46283	143811	111757	13553	16747	49746	55747	54666	51579	104888	108383	110784	113105	114794	117452	95298	97462
62180	G>A	G.G	55791	74446	64969	174588	136244	60443	57907	209953	136244	18261	22023	64914	71970	70956	67099	130470	157610	164059	160222	169550	165174	142959	139561
61865	G>A	G.T	55313	74337	64512	162890	135293	63393	57398	198130	135293	18945	19814	68144	72152	71098	68014	130003	147042	152522	149404	158104	155197	133733	130728
59531	G>A	T.A	54298	73639	63793	159353	139098	61017	56103	197180	139098	18831	19302	66604	71770	70819	66247	134380	144670	150895	150997	156561	156643	134533	134513
47857	G>A	T.C	46978	58366	54131	130022	115131	48403	48957	160971	115131	14611	15864	52643	57001	56153	53063	107355	117778	119940	122677	124114	127117	105846	108542
68626	G>A	T.G	62770	81357	73252	184928	156012	67206	64860	228400	156012	20255	24086	73049	78885	77911	75336	147546	166778	178724	172716	185333	179459	156324	151543
107864	G>A	T.T	99655	124965	117682	266197	241899	108724	102588	352862	241899	33830	36355	119810	121453	120274	120661	225903	242631	259552	249072	270608	259721	234095	224720
45261	G>C	A.A	38326	59277	45941	106675	96447	47436	39914	136408	96447	15527	15069	51185	57317	56587	50165	98236	96248	106088	98732	109940	102490	94285	87816
12896	G>C	A.C	12834	17574	14963	33196	31006	15248	13456	43693	31006	5770	4289	15965	17032	16632	14336	29718	29584	31199	30175	32441	31404	27098	26245
21956	G>C	A.G	20187	34644	24001	54064	44173	23635	20950	60290	44173	7867	7143	25568	33558	33264	24584	49074	48946	49051	49192	50485	50547	43159	43208
25023	G>C	A.T	23314	31506	27513	56059	55623	26416	24434	76546	55623	8586	8204	28615	30622	30129	27938	53669	50658	56519	51901	58720	53918	50523	46298
5548	G>C	C.A	5194	7439	6073	14858	14133	6261	5579	25864	14133	1953	1655	6478	7166	6932	6052	13244	12623	14745	11668	15524	12305	12237	9630
3444	G>C	C.C	3548	5095	4053	9410	8695	4652	3761	16330	8695	1908	1117	4551	4919	4666	3691	8215	7914	8296	7122	8849	7633	6705	5771
4536	G>C	C.G	4730	6006	5503	10775	10762	5163	5062	15711	10762	1705	1528	5239	5693	5520	4926	9563	9187	9694	8205	10342	8812	7977	6746
4608	G>C	C.T	4677	6070	5518	11570	11640	5403	4950	21184	11640	1822	1377	5722	5835	5656	5126	10520	10051	10986	9046	11466	9446	9247	7547
20577	G>C	G.A	18726	27229	22454	50927	46678	21625	19476	69822	46678	6766	6533	23634	26307	25926	23158	46101	45798	54314	47282	55927	48841	47541	41280
12016	G>C	G.C	12208	15627	14398	28559	29047	13272	12672	39781	29047	4581	3955	14312	14973	14709	13392	26791	25465	28821	25878	29888	26955	24752	22272
15450	G>C	G.G	15637	21280	18201	34010	32132	15912	16196	42352	32132	5130	5284	17213	20527	20272	17052	31517	30731	34145	30768	34996	31717	29441	26560
15548	G>C	G.T	14700	19463	17408	34302	35008	16344	15436	50388	35008	4911	4878	17616	18729	18384	17242	32925	30650	37192	31249	38586	32601	32441	27237
22503	G>C	T.A	20116	29053	24050	51931	50446	24063	21107	73158	50446	7452	7018	25827	28149	27747	25033	49419	46677	54658	48537	56708	50635	48107	42961
10446	G>C	T.C	10824	13643	12667	26353	26724	11600	11278	38524	26724	3854	3275	12472	13232	12966	11712	24696	23617	26375	24432	27314	25408	23211	21458
13434	G>C	T.G	13297	18024	15336	28279	28296	14320	13859	35874	28296	4814	4502	15157	17464	17211	14638	27502	25348	27682	25597	28735	26618	24312	22379
25042	G>C	T.T	23612	30136	27979	54958	55988	26428	24670	81134	55988	8349	8314	28592	29267	28849	28108	52032	49583	54243	49230	56484	51364	48100	43878
29381	G>T	A.A	28139	34893	32218	65968	62163	30402	29199	84345	62163	10613	10739	32591	34171	33684	32171	58266	59610	63448	60897	66641	63818	57354	55069
14485	G>T	A.C	14314	18534	16736	36744	33309	15672	14910	45806	33309	5382	4985	16881	17991	17676	16278	31250	32997	34880	33876	36212	35041	30555	29771
17595	G>T	A.G	16417	24365	19566	48654	41886	18871	17301	63317	41886	6120	5825	20335	23674	23238	19709	41613	43564	46187	45078	47960	47031	40549	39674
18999	G>T	A.T	17752	21684	20931	45409	42602	20884	18583	61049	42602	7429	6436	22410	21029	20730	21258	38668	40815	44623	41818	46572	43666	39736	37410
4127	G>T	C.A	4408	5744	5023	10992	10158	4288	4617	16279	10158	1439	1466	4589	5540	5404	4503	9295	9622	9561	9171	10115	9667	8116	7919
6139	G>T	C.C	6981	9101	7856	17443	15927	6496	7442	23766	15927	2110	2208	6855	8725	8450	6691	14542	15041	14117	13716	15076	14603	11654	11345
5123	G>T	C.G	5272	7492	6136	14721	13486	5486	5699	23332	13486	1742	1798	5809	7220	6933	5594	12592	12669	12595	11576	13341	12369	10332	9620
5432	G>T	C.T	6419	8038	7424	14801	14291	6127	6728	21181	14291	2050	1706	6532	7740	7539	6101	12961	13176	12109	12113	12648	12727	10354	10351
20127	G>T	G.A	14741	18193	16893	34686	32867	15422	15363	43652	32867	5028	10247	16313	17676	17370	19915	30618	31346	33127	32375	34581	33688	29192	28688
17196	G>T	G.C	18003	21178	20820	40772	40021	17138	18868	45565	40021	5523	6366	18792	20544	20226	19158	35943	36363	35417	37435	36645	38809	30638	32215
16535	G>T	G.G	15397	21991	18246	41709	37428	16749	16233	52292	37428	5442	6074	18014	21242	20801	18296	36610	37482	37491	37784	38880	39142	32353	32790
24106	G>T	G.T	25161	26322	28816	52727	53008	24096	26217	63947	53008	8163	9155	25916	25516	25069	26432	45264	47275	48590	47865	50619	49981	42674	42067
20978	G>T	T.A	18345	23504	21285	50078	43257	20867	19075	64499	43257	7190	8140	22480	22957	22583	22591	40750	45297	46881	46316	48972	48174	42218	41824
21148	G>T	T.C	22037	27269	25309	56270	48929	22489	23042	63347	48929	7282	7010	24080	26584	26149	23476	45749	50851	48064	51328	50051	53331	42497	45600
20699	G>T	T.G	18932	25341	22002	51802	45742	21444	19686	64211	45742	7333	7459	22884	24708	24268	22725	43766	46548	46005	47129	48021	49269	40351	41568
27644	G>T	T.T	28276	35533	32581	70886	65599	30940	29203	95615	65599	10984	9155	33240	34408	33868	30890	60691	63404	63665	62328	67003	65460	56663	55661
22783	T>A	A.A	21133	28409	24190	53634	50241	26081	21871	77405	50241	9469	7561	27290	27622	26996	24616	48150	47896	52336	47187	55978	50411	47806	43299
13801	T>A	A.C	14313	15744	16460	30278	31430	14247	14826	37296	31430	4707	4710	15488	15193	15002	15265	27435	27318	27752	28078	29014	29435	24913	25332
19642	T>A	A.G	20694	25619	23867	49503	49190	21858	21511	59764	49190	7744	6430	23539	24808	24512	21986	45663	44850	45453	47216	47322	49211	41088	42639
21572	T>A	A.T	18229	22226	20963	42906	40942	21202	19086	60165	40942	8046	9469	22294	21560	20943	22571	37490	38374	42197	38468	44554	40780	37733	34791
9740	T>A	C.A	8192	12188	9776	23130	21812	10565	8556	34610	21812	3624	3262	11258	11821	11645	10708	21585	20831	24579	21643	25798	22751	21914	19521
10059	T>A	C.C	8575	12613	10151	25133	22857	10632	9101	39878	22857	3547	3524	11214	12179	11843	10859	22283	22314	27774	23385	29101	24569	24257	20576
14389	T>A	C.G	12941	19382	15342	36727	34218	15576	13588	50096	34218	5185	4819	16608	18702	18272	16078	33815	32969	35987	34984	37368	36486	31455	30980
12387	T>A	C.T	10583	14393	12584	30826	27953	12979	11152	50610	27953	4372	4409	13902	14059	13616	13662	26466	27611	34181	28602	35560	29965	30565	25791
8206	T>A	G.A	7050	9732	8389	18967	18249	8965	7394	28570	18249	3076	2684	9565	9431	9217	9070	17518	17110	20582	17913	21396	18755	18235	16032
5664	T>A	G.C	6261	6606	7007	13030	13333	6020	6537	18784	13333	2097	1976	6335	6370	6198	6143	11475	11628	13230	11981	13838	12379	11868	10578
10855	T>A	G.G	10371	14921	12243	27167	25649	11856	10889	36176	25649	4213	3730	12539	14276	13942	11864	24779	24123	25382	25351	26622	26394	22198	22304
8471	T>A	G.T	8287	10363	9444	19265	18656	9073	8750	28207	18656	3188	3031	9409	9958	9743	9128	17253	17135	18939	17430	19855	18341	16714	15602
34818	T>A	T.A	22050	30963	25715	54875	49219	34051	23456	72905	49219	13398	15838	34427	30069	29328	35071	48255	49341	51359	48065	54038	50774	46224	43224
10045	T>A	T.C	8072	9642	9454	19242	18865	8679	8413	27973	18865	2937	4611	9381	9309	9142	10571	17037	17357	20116	18171	20904	19079	18067	16489
11948	T>A	T.G	9368	14059	11050	24833	23351	11098	9734	32424	23351	3974	5278	11926	13593	13276	12622	23440	22424	23163	23374	24300	24543	20698	21054
26575	T>A	T.T	18865	27347	22752	50829	46019	23261	20378	73558	46019	7871	12305	24106	26319	25128	26710	44014	44582	49193	43906	52644	46955	43827	39300
132295	T>C	A.A	127266	183361	150682	337643	316473	136217	130573	464230	316473	42449	41854	151150	178286	176833	149146	315273	307533	349009	317156	367928	335234	321881	293350
40989	T>C	A.C	40558	56460	47254	99819	97553	42996	42054	149065	97553	13753	13375	47044	54998	54197	45978	96077	90704	110502	95790	115173	100200	99383	86404
133401	T>C	A.G	137208	184089	157566	286036	274311	139612	140364	364382	274311	48277	45532	154166	181074	180088	150777	274402	262659	303043	273991	313194	283704	274697	248588
107550	T>C	A.T	105777	147575	124160	237051	238793	107851	109213	341984	238793	33226	36253	119697	143706	142238	120708	237370	215716	265394	224230	276424	233807	241530	203740
46153	T>C	C.A	43564	65703	52248	127944	121869	48511	45253	202905	121869	14630	14099	53674	63684	62515	52284	121744	115749	145516	125679	152104	132022	130720	112914
30983	T>C	C.C	29931	40939	35399	78176	74781	33789	31156	129118	74781	11452	10147	36430	39385	38519	34403	71384	70054	91394	74723	95253	78008	80541	66034
76884	T>C	C.G	77412	100138	89201	164646	166830	81351	79732	224893	166830	27380	25250	88608	97276	96474	85842	158709	148593	181697	160447	187848	166828	160033	140882
46779	T>C	C.T	43200	60065	50918	107940	103326	47048	44783	167533	103326	15563	17015	51053	57806	56651	51182	100603	97517	116982	101657	122275	106393	104473	91587
47842	T>C	G.A	45817	69514	54833	126472	126048	49597	47409	190943	126048	14300	14421	55387	67686	66671	54545	126602	114530	141485	125887	148050	131938	127112	113536
26111	T>C	G.C	26035	37150	30341	60928	61777	27371	27156	103281	61777	8744	8682	29615	36019	35366	29042	61428	55185	73232	59579	76019	62218	65070	53260
61260	T>C	G.G	59860	80165	69602	125947	130190	64699	61883	175514	130190	22118	20742	70143	78084	77310	68180	125231	113141	138116	122286	143973	127421	121688	107662
45066	T>C	G.T	45988	63206	54377	106134	109796	46184	47602	164382	109796	14127	14618	51235	61350	60605	51114	107520	96580	122574	103089	127367	107382	110728	93135
57318	T>C	T.A	53215	80081	64118	146709	138336	59036	55143	213283	138336	18163	18413	65593	77782	76797	65101	139734	133608	157011	140980	164248	147784	142438	128266
40512	T>C	T.C	36311	50262	42963	89785	85325	40654	37821	139580	85325	13950	15234	43929	48372	47282	43842	83104	81188	98998	84261	103416	88696	88837	76466
59655	T>C	T.G	55890	78358	65404	123324	125322	61291	57507	181177	125322	19989	20110	67369	76497	75875	66669	124387	112016	145909	119740	151479	124770	130879	107297
81808	T>C	T.T	64436	92523	76239	154428	146895	67040	65959	228953	146895	23430	38708	73509	89128	87356	84635	144933	138243	163305	138900	172234	147141	145876	124695
18536	T>G	A.A	15544	20851	18644	39945	38695	19630	16090	68282	38695	6459	6084	21009	19974	19622	20327	36353	35884	46141	35507	48785	37817	42482	32544
9608	T>G	A.C	8562	11759	10166	22413	21791	9882	8919	35679	21791	3057	3144	10745	11371	11147	10631	20872	20170	25174	20548	26142	21500	22486	18356
20924	T>G	A.G	20333	23873	24285	46792	47772	23357	21099	69885	47772	7878	6346	25564	23031	22663	23739	42662	42502	52541	43442	54448	45284	47192	39152
20916	T>G	A.T	18367	24146	21912	44856	44820	20668	19157	64773	44820	6572	7629	22626	23496	22981	23037	42096	40628	47709	41473	49937	43622	43247	37756
10051	T>G	C.A	8494	11285	10132	19134	19563	10788	8818	30213	19563	3591	3209	11563	10848	10736	11138	18682	17418	24115	17828	24966	18464	21831	16062
10945	T>G	C.C	10129	12645	11933	24210	23042	11319	10492	34046	23042	3665	3700	12244	12212	12020	12049	20981	21782	26639	22078	27610	22910	23350	19286
17709	T>G	C.G	16281	19687	19323	34219	34848	19940	16868	45955	34848	6956	5719	21121	19034	18769	19532	31591	30869	37008	31458	38112	32506	32723	27854
16660	T>G	C.T	14798	18628	17365	31241	31917	16568	15303	44811	31917	5527	6094	17816	18079	17787	18136	30109	28641	35872	29240	36941	30203	32189	26321
7805	T>G	G.A	7192	9866	8725	19137	18517	8980	7592	32830	18517	3168	2415	9710	9506	9281	8824	17528	17246	22247	17407	22963	18107	19826	15611
5363	T>G	G.C	5120	7240	6059	12941	12753	6095	5337	24533	12753	2050	1664	6459	6939	6788	5985	12314	11654	15065	11593	15655	12028	13269	10252
16358	T>G	G.G	14949	19962	17881	38996	35436	20182	15640	54190	35436	7810	5021	20758	19040	18603	17923	33199	34794	39466	35328	40860	36800	34646	30847
12020	T>G	G.T	10528	14871	12610	26317	24973	12530	11172	40881	24973	4491	4654	13254	14259	13732	12964	24029	23548	26807	22992	27922	24031	23793	20491
23545	T>G	T.A	20084	27445	24363	51309	51155	24817	20890	77208	51155	7768	7371	27070	26518	26105	26324	48997	46645	57894	48099	60103	50284	52444	43538
13988	T>G	T.C	13279	17141	15920	32988	32597	14744	13807	54571	32597	4713	4490	16106	16485	16178	15691	30603	29934	39053	30982	40493	32192	35083	27752
25167	T>G	T.G	21890	28565	26222	55175	53094	27248	22915	82359	53094	9582	8630	29054	27494	26859	27519	49414	49597	61426	50906	63645	53223	54277	45345
55635	T>G	T.T	38435	54265	46247	92552	92095	45680	40870	137917	92095	14325	26161	47933	51974	50365	55818	88197	82529	100030	82464	105537	87342	89027	73694
